StartDate,EndDate,Status,IPAddress,Progress,Duration (in seconds),Finished,RecordedDate,ResponseId,RecipientLastName,RecipientFirstName,RecipientEmail,ExternalReference,LocationLatitude,LocationLongitude,DistributionChannel,UserLanguage,consent,corp_bser_rate_1,corp_bser_rate_2,corp_bser_rate_3,corp_bser_rate_4,corp_bser_rate_5,corp_bser_rate_6,corp_bser_rate_7,corp_bser_rate_8,corp_bser_rate_9,corp_bser_rate_10,corp_bser_rate_11,corp_bser_rate_12,corp_bser_rate_13,corp_bser_rate_14,corp_bser_rate_15,corp_bser_rate_16,corp_bser_rate_17,corp_bser_rate_18,corp_bser_rate_19,corp_bser_rate_20,corp_bser_rate_21,corp_bser_rate_22,corp_bser_rate_23,corp_bser_rate_24,corp_bser_rate_25,corp_bser_rate_26,corp_bser_rate_DO,socl_bser_rate_1,socl_bser_rate_2,socl_bser_rate_3,socl_bser_rate_4,socl_bser_rate_5,socl_bser_rate_6,socl_bser_rate_7,socl_bser_rate_8,socl_bser_rate_9,socl_bser_rate_10,socl_bser_rate_11,socl_bser_rate_12,socl_bser_rate_13,socl_bser_rate_14,socl_bser_rate_15,socl_bser_rate_16,socl_bser_rate_17,socl_bser_rate_18,socl_bser_rate_19,socl_bser_rate_20,socl_bser_rate_21,socl_bser_rate_22,socl_bser_rate_23,socl_bser_rate_24,socl_bser_rate_25,socl_bser_rate_26,socl_bser_rate_DO,corp_bsee_rate_1,corp_bsee_rate_2,corp_bsee_rate_3,corp_bsee_rate_4,corp_bsee_rate_5,corp_bsee_rate_6,corp_bsee_rate_7,corp_bsee_rate_8,corp_bsee_rate_9,corp_bsee_rate_10,corp_bsee_rate_11,corp_bsee_rate_12,corp_bsee_rate_13,corp_bsee_rate_14,corp_bsee_rate_15,corp_bsee_rate_16,corp_bsee_rate_17,corp_bsee_rate_18,corp_bsee_rate_19,corp_bsee_rate_20,corp_bsee_rate_21,corp_bsee_rate_22,corp_bsee_rate_23,corp_bsee_rate_24,corp_bsee_rate_25,corp_bsee_rate_26,socl_bsee_rate_1,socl_bsee_rate_2,socl_bsee_rate_3,socl_bsee_rate_4,socl_bsee_rate_5,socl_bsee_rate_6,socl_bsee_rate_7,socl_bsee_rate_8,socl_bsee_rate_9,socl_bsee_rate_10,socl_bsee_rate_11,socl_bsee_rate_12,socl_bsee_rate_13,socl_bsee_rate_14,socl_bsee_rate_15,socl_bsee_rate_16,socl_bsee_rate_17,socl_bsee_rate_18,socl_bsee_rate_19,socl_bsee_rate_20,socl_bsee_rate_21,socl_bsee_rate_22,socl_bsee_rate_23,socl_bsee_rate_24,socl_bsee_rate_25,socl_bsee_rate_26,socl_bsee_rate_DO,bot_check,age,gender,gender_4_TEXT,race,race_7_TEXT,race_8_TEXT,FL_8_DO
12/8/22 11:46,12/8/22 11:48,0,75.248.148.30,100,114,1,12/8/22 11:48,R_3EKdkN92tU5VAek,,,,,40.4953,-111.9439,anonymous,EN,1,,,,,,,,,,,,,,,,,,,,,,,,,,,,3,2,7,10,7,7,9,10,7,8,3,3,9,3,2,8,7,6,5,2,2,7,7,4,8,5,10|20|15|12|19|24|17|13|6|2|4|8|3|9|21|18|7|26|14|11|23|25|22|5|16|1,,,,,,,,,,,,,,,,,,,,,,,,,,,,,,,,,,,,,,,,,,,,,,,,,,,,,,I thought about how I would perceive someone who was saying these things. I thought of people I knew who were like this.,45,1,,6,,,social_bullshitter
12/8/22 11:46,12/8/22 11:48,0,50.53.28.53,100,96,1,12/8/22 11:48,R_2q7BdaDaIXCCYJh,,,,,45.5152,-122.4167,anonymous,EN,1,,,,,,,,,,,,,,,,,,,,,,,,,,,,,,,,,,,,,,,,,,,,,,,,,,,,,,,,,,,,,,,,,,,,,,,,,,,,,,,,,8,8,2,1,2,1,2,9,8,8,9,7,2,9,8,9,8,8,8,8,7,8,8,8,3,5,3|15|13|10|11|21|23|4|9|6|7|8|26|20|17|5|2|1|25|16|18|24|14|22|19|12,The brand appears to be straightforward.,29,1,,6,,,social_bullshittee
12/8/22 11:46,12/8/22 11:48,0,98.169.208.181,100,122,1,12/8/22 11:48,R_3J2wQB2JWCET9yK,,,,,38.8464,-77.1457,anonymous,EN,1,,,,,,,,,,,,,,,,,,,,,,,,,,,,2,3,8,10,11,9,10,6,5,9,3,3,5,2,3,7,4,1,7,6,3,8,7,4,3,2,15|18|25|14|13|8|7|23|16|17|21|12|19|10|2|24|11|3|1|4|20|9|26|6|22|5,,,,,,,,,,,,,,,,,,,,,,,,,,,,,,,,,,,,,,,,,,,,,,,,,,,,,,"I don't have a high opinion of these people, and my answers reflected that. I think these people are being bombastic and trying to persuade others without offering anything of substance in return.",28,2,,1,,,social_bullshitter
12/8/22 11:46,12/8/22 11:48,0,128.254.165.107,100,105,1,12/8/22 11:48,R_2wtuaiic52gatRo,,,,,40.7434,-73.0761,anonymous,EN,1,,,,,,,,,,,,,,,,,,,,,,,,,,,,7,9,7,8,6,10,10,6,9,7,9,9,7,11,10,6,7,6,8,6,8,9,10,9,8,8,3|8|1|19|2|12|15|23|7|14|6|22|21|17|16|18|10|25|4|9|24|11|26|13|5|20,,,,,,,,,,,,,,,,,,,,,,,,,,,,,,,,,,,,,,,,,,,,,,,,,,,,,,N/A,30,1,,6,,,social_bullshitter
12/8/22 11:47,12/8/22 11:48,0,174.86.183.173,100,71,1,12/8/22 11:48,R_3RpWrda1bQOuwXL,,,,,38.5759,-90.5167,anonymous,EN,1,2,2,10,9,10,7,1,2,1,9,1,1,8,1,1,3,1,3,2,2,2,4,1,2,9,1,22|12|10|6|24|23|5|13|17|19|25|7|15|4|16|8|2|1|11|9|21|14|26|20|3|18,,,,,,,,,,,,,,,,,,,,,,,,,,,,,,,,,,,,,,,,,,,,,,,,,,,,,,,,,,,,,,,,,,,,,,,,,,,,,,,,,"I just went with my gut, pretty simple",34,1,,6,,,corporate_bullshitter
12/8/22 11:46,12/8/22 11:48,0,99.75.53.174,100,135,1,12/8/22 11:48,R_1jlgERCSqjOTiFi,,,,,42.0003,-88.1422,anonymous,EN,1,,,,,,,,,,,,,,,,,,,,,,,,,,,,,,,,,,,,,,,,,,,,,,,,,,,,,,,3,2,6,10,9,9,10,10,10,8,6,6,6,9,6,8,6,6,2,2,3,6,6,4,6,6,,,,,,,,,,,,,,,,,,,,,,,,,,,,A person who talks like that must be hiding something. They think they're smarter than others.,28,1,,1,,,corporate_bullshittee
12/8/22 11:46,12/8/22 11:48,0,70.254.2.11,100,142,1,12/8/22 11:48,R_2s1tpeIOGrgVZwD,,,,,41.141,-81.4768,anonymous,EN,1,3,2,9,10,9,10,9,10,10,7,4,2,6,3,2,2,2,2,4,2,2,3,2,1,6,6,17|23|2|12|11|7|24|13|1|26|14|20|22|16|9|25|10|6|4|18|5|3|15|21|8|19,,,,,,,,,,,,,,,,,,,,,,,,,,,,,,,,,,,,,,,,,,,,,,,,,,,,,,,,,,,,,,,,,,,,,,,,,,,,,,,,,"I think that corporate ""speak"" is often used by business people trying to sound more intelligent than they are to increase their own status.",26,2,,6,,,corporate_bullshitter
12/8/22 11:46,12/8/22 11:49,0,174.60.237.29,100,181,1,12/8/22 11:49,R_3CEhN5gqMC5ONGX,,,,,41.39,-75.6636,anonymous,EN,1,,,,,,,,,,,,,,,,,,,,,,,,,,,,,,,,,,,,,,,,,,,,,,,,,,,,,,,,,,,,,,,,,,,,,,,,,,,,,,,,,3,2,2,2,2,2,2,3,2,2,2,9,9,3,2,10,8,2,2,2,2,2,2,2,10,3,8|13|24|23|17|22|6|1|11|21|3|10|7|15|12|9|20|4|2|5|16|19|25|18|14|26,I followed my thoughts. I thought of the personality of those who believed such things and chose my answer accordingly.,44,2,,6,,,social_bullshittee
12/8/22 11:46,12/8/22 11:49,0,23.84.81.9,100,199,1,12/8/22 11:49,R_2rMYMVru8U3raiS,,,,,38.4321,-90.3896,anonymous,EN,1,,,,,,,,,,,,,,,,,,,,,,,,,,,,10,1,6,11,11,11,11,4,4,6,6,3,11,10,9,7,3,6,11,11,10,9,2,4,11,9,16|21|26|24|12|4|7|13|6|17|10|25|2|11|18|1|20|5|19|14|3|22|23|8|9|15,,,,,,,,,,,,,,,,,,,,,,,,,,,,,,,,,,,,,,,,,,,,,,,,,,,,,,people who talk about stuff generally are full of shit,31,2,,6,,,social_bullshitter
12/8/22 11:46,12/8/22 11:49,0,73.183.100.91,100,188,1,12/8/22 11:49,R_W0NqyIYoweNFRnj,,,,,39.6091,-79.983,anonymous,EN,1,,,,,,,,,,,,,,,,,,,,,,,,,,,,,,,,,,,,,,,,,,,,,,,,,,,,,,,,,,,,,,,,,,,,,,,,,,,,,,,,,3,3,8,6,9,1,8,6,6,8,5,6,9,4,4,8,4,6,4,3,1,4,1,4,10,6,10|14|25|22|11|6|9|1|15|21|23|2|4|3|17|7|24|26|18|20|13|8|12|16|19|5,I tried to form an impression of a person that bullshits with similar statements.,34,1,,1,,,social_bullshittee
12/8/22 11:47,12/8/22 11:50,0,104.10.29.29,100,179,1,12/8/22 11:50,R_1o5zIFxcUAdgaPH,,,,,33.9249,-117.4592,anonymous,EN,1,,,,,,,,,,,,,,,,,,,,,,,,,,,,,,,,,,,,,,,,,,,,,,,,,,,,,,,9,8,6,6,7,6,6,7,6,6,6,7,9,8,7,8,7,6,6,6,6,6,6,6,7,6,,,,,,,,,,,,,,,,,,,,,,,,,,,,I imagined a person that would believe those types of sayings. I also imagined them at work. I imagined how they acted and performed.,38,1,,1,,,corporate_bullshittee
12/8/22 11:47,12/8/22 11:50,0,76.190.233.198,100,185,1,12/8/22 11:50,R_1laRZbcDGkvNykR,,,,,41.2307,-80.4539,anonymous,EN,1,,,,,,,,,,,,,,,,,,,,,,,,,,,,,,,,,,,,,,,,,,,,,,,,,,,,,,,3,3,1,7,2,3,6,7,8,8,5,3,9,4,2,7,7,8,8,6,2,7,8,3,9,4,,,,,,,,,,,,,,,,,,,,,,,,,,,,"Because anyone who believes that, just wants to sound intelligent but if they knew the meaning, they would realize it doesn't even make sense and it's all just designed to impress people and not get results. I don't necessarily think people who use those words are malicious or decietful all the time, just naive. but, some of them could be.",45,2,,6,,,corporate_bullshittee
12/8/22 11:47,12/8/22 11:50,0,74.82.10.100,100,180,1,12/8/22 11:50,R_3HLZ8j0bhmedowE,,,,,39.9705,-111.8129,anonymous,EN,1,,,,,,,,,,,,,,,,,,,,,,,,,,,,1,2,9,6,6,6,9,8,8,7,5,2,6,3,1,8,3,1,2,1,1,5,6,2,8,2,26|23|16|1|24|22|13|2|14|18|10|17|3|20|7|9|25|19|6|12|8|11|5|4|21|15,,,,,,,,,,,,,,,,,,,,,,,,,,,,,,,,,,,,,,,,,,,,,,,,,,,,,,I thought about why a person would say such things and how that would affect the person's temperament. I probably based it on people I know in real life or experiences in real life and how those kinds of people that I know tend to be.,39,2,,6,,,social_bullshitter
12/8/22 11:46,12/8/22 11:50,0,136.228.202.241,100,252,1,12/8/22 11:50,R_uh01V6N6C2VGNSF,,,,,47.6348,-122.3451,anonymous,EN,1,,,,,,,,,,,,,,,,,,,,,,,,,,,,,,,,,,,,,,,,,,,,,,,,,,,,,,,,,,,,,,,,,,,,,,,,,,,,,,,,,5,4,4,9,3,2,8,4,3,2,4,5,8,5,2,3,5,4,4,4,3,7,5,4,10,2,4|14|3|17|19|9|12|13|20|26|24|8|22|7|5|23|2|25|11|1|21|18|16|6|10|15,I just went with how I felt about each one of the terms. If I felt like it applied to them then I gave it a higher rating.,78,1,,6,,,social_bullshittee
12/8/22 11:48,12/8/22 11:50,0,216.30.159.114,100,142,1,12/8/22 11:50,R_1N4HSs7b5z4SEdi,,,,,37.1222,-80.5474,anonymous,EN,1,2,2,6,7,8,6,10,6,7,6,3,2,5,5,3,3,3,6,5,3,2,7,4,2,7,4,25|2|11|14|5|8|19|17|4|22|24|16|12|7|6|20|21|23|1|10|26|18|3|13|9|15,,,,,,,,,,,,,,,,,,,,,,,,,,,,,,,,,,,,,,,,,,,,,,,,,,,,,,,,,,,,,,,,,,,,,,,,,,,,,,,,,I based them on the various personality traits of people I know who tend to spread bullshit in real life.,46,2,,6,,,corporate_bullshitter
12/8/22 11:47,12/8/22 11:50,0,47.220.74.162,100,165,1,12/8/22 11:50,R_1mq35LbFs9W97NL,,,,,30.3217,-95.5285,anonymous,EN,1,,,,,,,,,,,,,,,,,,,,,,,,,,,,,,,,,,,,,,,,,,,,,,,,,,,,,,,7,7,3,9,8,3,4,10,10,5,6,7,10,7,6,10,8,6,7,6,4,8,8,6,10,5,,,,,,,,,,,,,,,,,,,,,,,,,,,,Someone who believes these statements is a follower and probably has low self esteem. They are willing to buy into anything that makes them feel special.,39,2,,6,,,corporate_bullshittee
12/8/22 11:49,12/8/22 11:50,0,50.217.98.143,100,100,1,12/8/22 11:50,R_2t9AdgOEgRFFXsB,,,,,40.0619,-74.9987,anonymous,EN,1,,,,,,,,,,,,,,,,,,,,,,,,,,,,4,6,4,5,2,3,2,3,5,6,2,2,5,3,4,4,3,3,3,3,3,5,3,3,4,3,26|7|24|8|1|13|20|25|23|15|12|19|22|10|17|9|21|16|2|6|4|14|5|18|11|3,,,,,,,,,,,,,,,,,,,,,,,,,,,,,,,,,,,,,,,,,,,,,,,,,,,,,,I think they would seem more aggressive and less relatable to most common people.,36,1,,6,,,social_bullshitter
12/8/22 11:47,12/8/22 11:50,0,162.250.148.187,100,195,1,12/8/22 11:50,R_3IWxlnyWSwGSRIm,,,,,40.4236,-79.9825,anonymous,EN,1,,,,,,,,,,,,,,,,,,,,,,,,,,,,,,,,,,,,,,,,,,,,,,,,,,,,,,,3,3,5,1,1,1,1,9,9,9,6,6,9,6,6,6,6,6,6,6,6,6,6,6,9,6,,,,,,,,,,,,,,,,,,,,,,,,,,,,I think that sometimes at a corporate level someone who believes everything the corporation may feed them is naive in their thinking or just trying to fit into the corporate culture.  Other times that person just doesn't want to think for themselves.,49,1,,6,,,corporate_bullshittee
12/8/22 11:47,12/8/22 11:51,0,24.33.83.181,100,201,1,12/8/22 11:51,R_1P6GzPBNFFtholv,,,,,39.4522,-83.841,anonymous,EN,1,2,2,5,2,6,11,6,2,3,5,3,2,6,2,3,1,2,1,2,1,2,2,2,1,6,1,15|21|14|23|22|5|1|7|13|25|10|11|12|17|4|16|6|8|19|24|2|18|3|26|9|20,,,,,,,,,,,,,,,,,,,,,,,,,,,,,,,,,,,,,,,,,,,,,,,,,,,,,,,,,,,,,,,,,,,,,,,,,,,,,,,,,I don't think much of this social class.,38,2,,6,,,corporate_bullshitter
12/8/22 11:49,12/8/22 11:51,0,76.90.207.253,100,120,1,12/8/22 11:51,R_248UAWneWJhemlZ,,,,,34.1172,-117.6472,anonymous,EN,1,,,,,,,,,,,,,,,,,,,,,,,,,,,,,,,,,,,,,,,,,,,,,,,,,,,,,,,2,2,8,8,8,8,8,8,8,8,2,1,6,4,4,5,5,5,5,5,2,5,5,5,3,3,,,,,,,,,,,,,,,,,,,,,,,,,,,,I arrived at my answers by considering what personality traits would someone have who is known to use statements without regard to truth. I think these people generally are self serving. ,29,2,,1,,,corporate_bullshittee
12/8/22 11:48,12/8/22 11:51,0,208.65.236.49,100,171,1,12/8/22 11:51,R_2vcEhNhsXYUG81H,,,,,42.9934,-84.1595,anonymous,EN,1,,,,,,,,,,,,,,,,,,,,,,,,,,,,,,,,,,,,,,,,,,,,,,,,,,,,,,,3,3,8,9,6,8,9,11,11,11,1,1,10,1,1,9,6,5,1,1,1,1,1,1,11,6,,,,,,,,,,,,,,,,,,,,,,,,,,,,Someone who talks with this level of bullshitting only cares about themselves and how they look to others.,42,2,,6,,,corporate_bullshittee
12/8/22 11:47,12/8/22 11:51,0,76.27.236.118,100,221,1,12/8/22 11:51,R_1F8mfFcey0MmnBy,,,,,44.6279,-123.0592,anonymous,EN,1,,,,,,,,,,,,,,,,,,,,,,,,,,,,,,,,,,,,,,,,,,,,,,,,,,,,,,,,,,,,,,,,,,,,,,,,,,,,,,,,,8,7,2,3,2,1,2,5,5,2,5,8,10,5,4,7,8,6,4,3,4,3,4,6,10,6,19|13|22|5|4|2|17|6|7|3|16|23|11|20|25|10|26|8|21|18|1|24|15|12|9|14,I arrived at my answers by reading the instructions and then responding carefully to each question in the most honest and accurate way possible.,35,1,,6,,,social_bullshittee
12/8/22 11:48,12/8/22 11:51,0,68.13.223.18,100,168,1,12/8/22 11:51,R_1Lb9eTHRDrwEg1C,,,,,36.9135,-76.2826,anonymous,EN,1,2,1,7,11,10,8,8,9,9,9,6,7,10,6,2,8,9,9,4,4,2,4,1,6,8,2,20|25|21|2|23|13|4|17|9|22|8|19|5|12|16|14|1|18|3|10|24|7|11|26|15|6,,,,,,,,,,,,,,,,,,,,,,,,,,,,,,,,,,,,,,,,,,,,,,,,,,,,,,,,,,,,,,,,,,,,,,,,,,,,,,,,,I imagined the type of image a person who uses these phrases would be attempting to convey. I then compared it to the actual type of person they would be.,35,2,,6,,,corporate_bullshitter
12/8/22 11:49,12/8/22 11:51,0,70.44.172.35,100,145,1,12/8/22 11:51,R_1IW9Cz7wSL94Vn0,,,,,40.781,-76.2301,anonymous,EN,1,1,1,9,11,6,8,9,10,6,3,6,1,3,6,1,1,1,1,1,1,1,1,1,1,5,1,25|21|12|8|13|15|2|17|20|19|7|9|5|10|23|24|11|14|4|3|18|6|22|1|16|26,,,,,,,,,,,,,,,,,,,,,,,,,,,,,,,,,,,,,,,,,,,,,,,,,,,,,,,,,,,,,,,,,,,,,,,,,,,,,,,,,People who use corporate language are just trying to sell something. They just want to make as much money as possible regardless of who they hurt.,31,1,,2,,,corporate_bullshitter
12/8/22 11:47,12/8/22 11:51,0,75.191.102.178,100,274,1,12/8/22 11:51,R_3oLLNdsX2faS6Kg,,,,,36.5036,-79.758,anonymous,EN,1,2,2,8,10,6,9,10,11,11,8,9,2,4,8,3,7,2,2,4,4,3,4,4,2,4,8,15|25|17|4|8|10|22|18|12|9|20|26|21|16|19|7|1|6|2|23|3|5|24|13|11|14,,,,,,,,,,,,,,,,,,,,,,,,,,,,,,,,,,,,,,,,,,,,,,,,,,,,,,,,,,,,,,,,,,,,,,,,,,,,,,,,,"Corporate speak often sounds like individuals are trying too hard to sound intelligent, so while they may be highly ambitious and driven, I do not see them as persuasive or intelligent because intelligence and honesty speaks for itself.",27,2,,6,,,corporate_bullshitter
12/8/22 11:50,12/8/22 11:52,0,75.177.118.157,100,118,1,12/8/22 11:52,R_3hhVkVg9g4jn5fK,,,,,36.5002,-80.6163,anonymous,EN,1,,,,,,,,,,,,,,,,,,,,,,,,,,,,,,,,,,,,,,,,,,,,,,,,,,,,,,,,,,,,,,,,,,,,,,,,,,,,,,,,,4,1,1,1,1,1,1,1,1,1,1,4,11,1,1,4,5,1,1,1,1,1,1,1,11,1,7|16|23|21|20|14|4|12|6|24|11|18|9|3|19|2|13|1|25|5|17|22|15|26|8|10,I was picturing someone very naive and easily deceived. Someone who is passive and doesn't think through things very crcitically.,42,2,,6,,,social_bullshittee
12/8/22 11:48,12/8/22 11:52,0,184.170.166.81,100,219,1,12/8/22 11:52,R_3fDBlfvtlmGm3Hf,,,,,40.0346,-86.907,anonymous,EN,1,,,,,,,,,,,,,,,,,,,,,,,,,,,,2,2,8,9,6,7,7,7,8,8,5,5,5,7,3,8,5,2,3,3,2,7,4,3,6,3,9|23|4|5|12|22|10|17|24|15|7|21|8|20|11|18|3|16|26|25|6|13|14|19|2|1,,,,,,,,,,,,,,,,,,,,,,,,,,,,,,,,,,,,,,,,,,,,,,,,,,,,,,I formed in my mind an impression of someone who would say such things and answered how I thought their traits would be. ,40,1,,6,,,social_bullshitter
12/8/22 11:49,12/8/22 11:52,0,69.180.149.58,100,193,1,12/8/22 11:52,R_uaAa17nC8ge4Hxn,,,,,44.9354,-93.1694,anonymous,EN,1,6,6,5,7,5,3,5,9,8,6,6,5,6,6,3,5,6,4,4,3,3,4,4,4,6,3,18|15|3|2|20|9|13|21|1|23|5|24|19|10|26|11|8|22|17|7|25|4|6|14|16|12,,,,,,,,,,,,,,,,,,,,,,,,,,,,,,,,,,,,,,,,,,,,,,,,,,,,,,,,,,,,,,,,,,,,,,,,,,,,,,,,,thinking about the actual motivation behind the words. Are they being said to connect or to sound important?,58,2,,6,,,corporate_bullshitter
12/8/22 11:50,12/8/22 11:53,0,100.11.155.10,100,139,1,12/8/22 11:53,R_2QMS8hEK1YMeJ8L,,,,,39.9561,-75.2719,anonymous,EN,1,,,,,,,,,,,,,,,,,,,,,,,,,,,,,,,,,,,,,,,,,,,,,,,,,,,,,,,6,6,6,6,6,6,6,6,6,6,5,6,10,5,5,6,6,6,6,6,6,7,7,6,4,6,,,,,,,,,,,,,,,,,,,,,,,,,,,,"I felt I could not make too many judgement about a person, except for things related to their intelligence and gullibility since they believed the crap.",37,2,,6,,,corporate_bullshittee
12/8/22 11:49,12/8/22 11:53,0,91.193.232.25,100,222,1,12/8/22 11:53,R_2pJM33zSDDGYl3y,,,,,33.844,-84.4784,anonymous,EN,1,3,3,5,9,7,7,7,9,8,8,5,5,6,6,4,9,6,7,5,4,4,9,7,5,2,4,9|11|6|4|20|1|12|22|25|24|16|5|26|17|3|14|2|10|19|8|7|18|15|13|23|21,,,,,,,,,,,,,,,,,,,,,,,,,,,,,,,,,,,,,,,,,,,,,,,,,,,,,,,,,,,,,,,,,,,,,,,,,,,,,,,,,"I've known that type of person so I went on what I know.  They are slick ""con man"" types.  They talk a big game but have very little to actually back it up.  Can't trust much of what they say or do.",58,2,,6,,,corporate_bullshitter
12/8/22 11:50,12/8/22 11:53,0,71.9.22.109,100,173,1,12/8/22 11:53,R_3hgwNUawxqrJeJE,,,,,39.5381,-119.8365,anonymous,EN,1,,,,,,,,,,,,,,,,,,,,,,,,,,,,,,,,,,,,,,,,,,,,,,,,,,,,,,,,,,,,,,,,,,,,,,,,,,,,,,,,,6,6,5,8,6,4,6,7,8,4,5,7,7,6,5,7,7,6,6,6,5,5,5,6,8,6,16|8|26|22|21|23|7|9|13|6|1|2|15|3|25|5|19|11|24|18|10|20|14|17|4|12,"I imagine such a person to be motivated by a naive, hopeful view of the world. I think this is reinforced by a bit of narcissism.",32,1,,2,,,social_bullshittee
12/8/22 11:50,12/8/22 11:53,0,24.125.120.89,100,180,1,12/8/22 11:53,R_8fgKAvWcQoudl2V,,,,,33.852,-84.1152,anonymous,EN,1,,,,,,,,,,,,,,,,,,,,,,,,,,,,4,3,5,10,9,6,9,3,3,7,5,2,5,5,2,8,7,4,3,2,3,6,7,4,5,2,3|15|7|19|1|8|22|10|20|13|2|23|11|5|6|14|24|9|4|26|18|16|17|21|12|25,,,,,,,,,,,,,,,,,,,,,,,,,,,,,,,,,,,,,,,,,,,,,,,,,,,,,,I just thought about how someone must be to act like that. Then it all came to me.,27,1,,6,,,social_bullshitter
12/8/22 11:49,12/8/22 11:53,0,64.183.231.122,100,229,1,12/8/22 11:53,R_1esXtNYRwh7E7s1,,,,,30.1826,-97.7394,anonymous,EN,1,,,,,,,,,,,,,,,,,,,,,,,,,,,,1,1,6,10,10,9,10,6,8,8,1,1,3,1,1,8,1,6,6,5,2,3,1,1,7,2,9|16|25|10|24|17|22|1|6|12|5|4|2|15|14|21|19|8|3|13|26|20|7|18|23|11,,,,,,,,,,,,,,,,,,,,,,,,,,,,,,,,,,,,,,,,,,,,,,,,,,,,,,I thought about the statements listed and the type of people who would say something like that.,44,1,,6,,,social_bullshitter
12/8/22 11:49,12/8/22 11:53,0,174.209.34.114,100,267,1,12/8/22 11:53,R_32Lo0xOUyDESN5A,,,,,41.923,-87.7531,anonymous,EN,1,,,,,,,,,,,,,,,,,,,,,,,,,,,,,,,,,,,,,,,,,,,,,,,,,,,,,,,,,,,,,,,,,,,,,,,,,,,,,,,,,3,2,3,7,4,2,8,5,3,4,5,1,4,5,1,8,5,1,1,1,1,1,1,1,7,1,16|4|22|19|10|1|24|23|12|26|18|3|9|25|5|2|6|13|14|21|20|7|15|11|17|8,"I think people who bullshit usually mean well, but have certain hangups that make their words not ring true. Maybe they feel inadequate. Some just are not intelligent enough to discuss the subject at hand. But they want to make a difference.",58,1,,6,,,social_bullshittee
12/8/22 11:46,12/8/22 11:53,0,75.237.254.186,100,420,1,12/8/22 11:53,R_3QVpWhW0OboyOAH,,,,,34.0062,-117.4432,anonymous,EN,1,,,,,,,,,,,,,,,,,,,,,,,,,,,,2,1,5,11,8,7,11,11,10,10,7,4,8,7,3,7,5,2,9,8,3,8,6,5,4,1,26|23|15|18|13|9|17|6|12|5|16|4|1|24|22|25|2|7|8|21|10|3|11|19|20|14,,,,,,,,,,,,,,,,,,,,,,,,,,,,,,,,,,,,,,,,,,,,,,,,,,,,,,i went by what my heart felt was a true assessment of them and their statements,60,1,,6,,,social_bullshitter
12/8/22 11:46,12/8/22 11:53,0,181.214.107.204,100,423,1,12/8/22 11:53,R_124tY75wYSAztDU,,,,,41.8874,-87.6318,anonymous,EN,1,2,4,6,11,5,2,10,2,1,2,3,5,6,1,2,5,2,2,1,1,4,2,1,2,6,4,23|19|4|14|5|9|8|12|11|25|16|2|7|6|15|3|22|20|13|21|18|24|17|10|1|26,,,,,,,,,,,,,,,,,,,,,,,,,,,,,,,,,,,,,,,,,,,,,,,,,,,,,,,,,,,,,,,,,,,,,,,,,,,,,,,,,"Corporate bullshitters are mostly egotistic and short sighted. They do not have the ability to reason for a greater good, they mostly reason selfishly.",32,1,,2,,,corporate_bullshitter
12/8/22 11:49,12/8/22 11:54,0,108.249.16.197,100,309,1,12/8/22 11:54,R_1N2nfcb47lgkaGB,,,,,34.1911,-80.9758,anonymous,EN,1,,,,,,,,,,,,,,,,,,,,,,,,,,,,,,,,,,,,,,,,,,,,,,,,,,,,,,,,,,,,,,,,,,,,,,,,,,,,,,,,,8,8,1,1,1,1,2,2,1,1,9,7,10,9,2,8,9,5,6,6,2,7,7,8,10,9,9|12|18|1|10|14|22|11|5|2|23|8|7|15|13|4|6|16|24|19|20|21|17|3|26|25,"Bullshittees in my experience seem to be introverted, complacent, timid and naive. I find Bullshittees to be nice be too trusting. While they can be intelligent, they are also too believing of others..",52,2,,6,,,social_bullshittee
12/8/22 11:51,12/8/22 11:54,0,208.98.186.14,100,180,1,12/8/22 11:54,R_RW5NRslwCetkSMp,,,,,42.1112,-111.8532,anonymous,EN,1,1,1,5,10,8,5,9,8,8,5,4,1,2,6,1,3,1,6,1,1,1,6,6,3,3,1,6|24|2|19|8|12|11|13|7|9|17|3|14|22|10|21|23|25|5|15|26|20|1|4|18|16,,,,,,,,,,,,,,,,,,,,,,,,,,,,,,,,,,,,,,,,,,,,,,,,,,,,,,,,,,,,,,,,,,,,,,,,,,,,,,,,,I thought about how I would feel about a person saying those things to me and what I would think that person was like.,44,2,,6,,,corporate_bullshitter
12/8/22 11:48,12/8/22 11:54,0,165.225.242.89,100,383,1,12/8/22 11:54,R_2EuiDNh88gaDo0F,,,,,37.2692,-121.845,anonymous,EN,1,,,,,,,,,,,,,,,,,,,,,,,,,,,,,,,,,,,,,,,,,,,,,,,,,,,,,,,1,1,9,10,11,7,9,11,2,7,2,1,9,4,1,2,1,1,1,1,1,9,8,1,10,1,,,,,,,,,,,,,,,,,,,,,,,,,,,,"My conclusions are based on my own work experiences as well as what I have been told by my co-workers, friends, and family.  I also learned about this from various work websites and videos posted online.",54,1,,1,,,corporate_bullshittee
12/8/22 11:51,12/8/22 11:54,0,73.185.171.179,100,210,1,12/8/22 11:54,R_2TZXrQLgoAPOzUg,,,,,45.0936,-93.2407,anonymous,EN,1,,,,,,,,,,,,,,,,,,,,,,,,,,,,,,,,,,,,,,,,,,,,,,,,,,,,,,,,,,,,,,,,,,,,,,,,,,,,,,,,,1,2,7,10,9,9,10,10,10,10,8,9,2,9,7,10,8,6,8,7,4,9,8,7,2,4,16|14|5|3|26|20|12|1|11|9|10|2|4|7|17|18|15|22|19|21|23|24|8|13|25|6,"I think someone like that is a manipulator and is good at what they do. Very convincing and charming, but not actually authentic.",34,2,,6,,,social_bullshittee
12/8/22 11:53,12/8/22 11:54,0,66.168.57.247,100,69,1,12/8/22 11:54,R_2zpTUOLbxQOoZLA,,,,,43.1899,-88.7225,anonymous,EN,1,,,,,,,,,,,,,,,,,,,,,,,,,,,,4,6,9,11,6,9,9,2,9,7,5,2,2,6,2,4,3,3,2,3,3,5,2,2,2,1,12|25|2|16|18|8|6|9|17|21|23|19|13|15|5|20|14|1|24|7|10|3|22|11|26|4,,,,,,,,,,,,,,,,,,,,,,,,,,,,,,,,,,,,,,,,,,,,,,,,,,,,,,I went with my gut based on real life examples of people i have faced in the past that have this personality trait.,28,1,,6,,,social_bullshitter
12/8/22 11:52,12/8/22 11:54,0,98.25.133.145,100,169,1,12/8/22 11:55,R_1H76eQxP9h1VGUY,,,,,32.9758,-80.1869,anonymous,EN,1,,,,,,,,,,,,,,,,,,,,,,,,,,,,,,,,,,,,,,,,,,,,,,,,,,,,,,,1,1,11,10,11,11,11,3,1,6,4,2,9,8,3,1,8,5,6,2,10,10,11,8,9,3,,,,,,,,,,,,,,,,,,,,,,,,,,,,i just picked what i thought might be right about someone who lies alot. ,44,1,,6,,,corporate_bullshittee
12/8/22 11:51,12/8/22 11:55,0,208.188.37.121,100,229,1,12/8/22 11:55,R_3LkeldRJKIaf0Ro,,,,,36.4566,-86.6638,anonymous,EN,1,,,,,,,,,,,,,,,,,,,,,,,,,,,,7,7,4,5,5,8,5,5,5,4,7,6,6,6,7,6,6,6,8,5,4,5,6,4,6,6,19|4|13|1|26|11|25|15|6|3|20|9|16|22|7|17|23|5|18|2|8|12|10|14|24|21,,,,,,,,,,,,,,,,,,,,,,,,,,,,,,,,,,,,,,,,,,,,,,,,,,,,,,The article made you feel good about what was being said even though it was all a lie.,44,1,,6,,,social_bullshitter
12/8/22 11:53,12/8/22 11:55,0,172.58.2.43,100,122,1,12/8/22 11:55,R_1plog9aHJ1i0WEl,,,,,33.6026,-84.4769,anonymous,EN,1,1,1,10,11,1,11,11,2,1,10,1,2,11,1,1,6,1,3,2,1,2,8,11,2,11,2,5|7|14|3|2|4|13|23|9|17|6|25|22|16|24|10|1|15|11|20|12|19|8|26|21|18,,,,,,,,,,,,,,,,,,,,,,,,,,,,,,,,,,,,,,,,,,,,,,,,,,,,,,,,,,,,,,,,,,,,,,,,,,,,,,,,,I chose the traits that i would expect to see when i notice someone is full of it ,32,2,,2,,,corporate_bullshitter
12/8/22 11:52,12/8/22 11:55,0,75.174.147.186,100,165,1,12/8/22 11:55,R_29ssOibhBXsqUw1,,,,,43.6138,-116.3972,anonymous,EN,1,,,,,,,,,,,,,,,,,,,,,,,,,,,,2,1,7,11,10,9,11,6,4,1,2,4,2,3,2,2,1,1,1,2,1,2,2,1,7,1,24|26|14|15|4|1|5|20|23|16|18|25|10|19|17|7|12|22|6|3|2|8|21|9|13|11,,,,,,,,,,,,,,,,,,,,,,,,,,,,,,,,,,,,,,,,,,,,,,,,,,,,,,These kind of people are full of themselves and are only interested in impressing others. I feel that they are a lower form of social life that muddle and confuse others with their mindless chatter.,46,1,,6,,,social_bullshitter
12/8/22 11:48,12/8/22 11:55,0,47.135.21.246,100,413,1,12/8/22 11:55,R_3G0L7OY0vvrmsxv,,,,,35.7532,-81.3264,anonymous,EN,1,,,,,,,,,,,,,,,,,,,,,,,,,,,,,,,,,,,,,,,,,,,,,,,,,,,,,,,,,,,,,,,,,,,,,,,,,,,,,,,,,7,6,2,5,2,2,2,5,8,2,6,8,11,6,2,8,9,4,4,2,2,3,2,2,11,6,25|16|15|5|3|11|1|14|4|8|7|6|9|12|18|17|19|10|26|23|21|13|20|2|22|24,I thought about the definition and examples you provided. I then thought about people I have encountered that do this. I then tried to apply each trait to these people as well as people who would fit that definition.,58,2,,6,,,social_bullshittee
12/8/22 11:48,12/8/22 11:55,0,71.92.163.86,100,448,1,12/8/22 11:55,R_2wFXMDL2TescWM9,,,,,39.6261,-119.6996,anonymous,EN,1,,,,,,,,,,,,,,,,,,,,,,,,,,,,,,,,,,,,,,,,,,,,,,,,,,,,,,,,,,,,,,,,,,,,,,,,,,,,,,,,,2,4,1,7,2,1,4,7,10,6,4,6,10,5,1,11,1,4,9,7,4,6,1,2,11,6,26|14|21|7|10|24|2|17|9|22|1|16|20|6|23|25|3|15|19|4|13|8|5|18|11|12,I tended to answer based on people that I know who post similar social bullshit online. They tend to be gullible while also extremely outgoing. They want to spread their ideas as much as possible.,31,1,,6,,,social_bullshittee
12/8/22 11:49,12/8/22 11:56,0,35.134.159.168,100,394,1,12/8/22 11:56,R_300gOGZ8iznDluG,,,,,38.4321,-90.3896,anonymous,EN,1,,,,,,,,,,,,,,,,,,,,,,,,,,,,,,,,,,,,,,,,,,,,,,,,,,,,,,,6,5,2,9,9,4,3,7,8,8,10,7,9,4,3,5,5,3,2,2,5,4,4,5,3,2,,,,,,,,,,,,,,,,,,,,,,,,,,,,I feel like they just tried to make themselves sound smart. THey added extra big words.,37,1,,6,,,corporate_bullshittee
12/8/22 11:48,12/8/22 11:56,0,71.236.243.128,100,462,1,12/8/22 11:56,R_w5YP8U31TMrVMYh,,,,,44.0683,-123.0763,anonymous,EN,1,,,,,,,,,,,,,,,,,,,,,,,,,,,,,,,,,,,,,,,,,,,,,,,,,,,,,,,,,,,,,,,,,,,,,,,,,,,,,,,,,5,5,8,6,10,6,10,6,6,6,2,8,11,2,1,7,8,8,4,2,1,5,5,3,7,8,17|24|3|18|9|8|7|16|23|21|13|22|19|12|5|4|15|14|11|2|1|26|6|25|10|20,I tried to think about people I have encountered and /or know that believe bullshit and used them for the meter on the personality  traits.,63,1,,6,,,social_bullshittee
12/8/22 11:52,12/8/22 11:56,0,173.79.84.236,100,230,1,12/8/22 11:56,R_4NO6wo5GDivbvAR,,,,,38.7592,-76.9858,anonymous,EN,1,3,3,7,7,10,6,8,11,10,10,8,6,2,10,6,9,7,6,7,5,2,7,9,6,2,2,7|2|18|26|25|8|4|12|9|20|16|19|1|6|22|13|10|23|17|15|11|5|14|3|24|21,,,,,,,,,,,,,,,,,,,,,,,,,,,,,,,,,,,,,,,,,,,,,,,,,,,,,,,,,,,,,,,,,,,,,,,,,,,,,,,,,"People who use corporate double-speak are often lying for their own ends.  They don't have a lot of ethics, but are smart and ambitious.  Things about gullibility and spirituality I rated low.  Things like good personality and attractiveness I put in the middle, as it could go either way.",37,2,,6,,,corporate_bullshitter
12/8/22 11:54,12/8/22 11:56,0,68.82.50.181,100,145,1,12/8/22 11:56,R_2YRG6OexP8Od5gm,,,,,40.0022,-75.3008,anonymous,EN,1,,,,,,,,,,,,,,,,,,,,,,,,,,,,,,,,,,,,,,,,,,,,,,,,,,,,,,,,,,,,,,,,,,,,,,,,,,,,,,,,,5,5,4,3,4,3,4,6,6,5,4,5,3,5,5,5,4,5,6,6,5,5,5,5,4,4,12|7|22|8|9|15|21|18|14|26|19|13|23|3|20|5|11|17|10|25|1|24|6|2|16|4,The examples given were pushing for innovation and I think a lot of changes requires starting from somewhere. I do not agree that these are bullshit and I think these were mainly from ambitious people who wanted change.,31,2,,1,,,social_bullshittee
12/8/22 11:54,12/8/22 11:56,0,24.168.198.182,100,161,1,12/8/22 11:56,R_2XnvPxbdoHXFL5R,,,,,34.0737,-81.1863,anonymous,EN,1,,,,,,,,,,,,,,,,,,,,,,,,,,,,,,,,,,,,,,,,,,,,,,,,,,,,,,,4,3,8,10,8,7,9,11,10,9,3,1,6,4,3,4,2,2,6,4,7,8,9,7,10,4,,,,,,,,,,,,,,,,,,,,,,,,,,,,I believe that bullshitters are people who enjoy lying and generally aren't good people.,33,1,,6,,,corporate_bullshittee
12/8/22 11:53,12/8/22 11:56,0,73.41.249.106,100,217,1,12/8/22 11:56,R_2wyr7HjP2UxUskf,,,,,37.6755,-121.0068,anonymous,EN,1,,,,,,,,,,,,,,,,,,,,,,,,,,,,,,,,,,,,,,,,,,,,,,,,,,,,,,,,,,,,,,,,,,,,,,,,,,,,,,,,,6,6,6,6,6,6,6,6,6,6,6,6,6,6,6,6,6,6,6,6,6,6,6,6,6,6,4|15|10|5|23|2|21|12|6|17|1|3|8|25|14|13|7|18|11|26|16|24|9|22|19|20,its subjective. bullshit could come from anywhere. the person bullshitting could be acting in different ways so its hard to just tailor it to specific things when it is vast. ,36,1,,6,,,social_bullshittee
12/8/22 11:50,12/8/22 11:57,0,24.158.128.3,100,375,1,12/8/22 11:57,R_VUnW29MgYkjvK8x,,,,,36.5686,-82.1819,anonymous,EN,1,,,,,,,,,,,,,,,,,,,,,,,,,,,,,,,,,,,,,,,,,,,,,,,,,,,,,,,,,,,,,,,,,,,,,,,,,,,,,,,,,4,4,7,5,10,5,8,5,5,7,4,5,9,4,4,6,5,5,5,5,5,6,5,4,7,7,14|17|16|26|7|23|18|24|8|22|3|12|10|1|6|4|19|13|5|15|21|25|11|20|2|9,I thought about how much each characteristic related to the trait. I tried to imagine an average person who exhibited this trait.,30,1,,6,,,social_bullshittee
12/8/22 11:53,12/8/22 11:57,0,98.22.6.12,100,262,1,12/8/22 11:57,R_1mw39z8X7NwYvib,,,,,41.6892,-93.0534,anonymous,EN,1,,,,,,,,,,,,,,,,,,,,,,,,,,,,2,2,6,9,5,5,10,9,7,3,3,5,7,3,3,7,6,3,2,5,2,4,4,2,8,3,18|13|19|24|25|2|10|15|11|17|5|20|16|12|7|6|9|21|23|22|4|1|8|3|26|14,,,,,,,,,,,,,,,,,,,,,,,,,,,,,,,,,,,,,,,,,,,,,,,,,,,,,,I imagined the personality type that would engage in such bullshit without regards for the truth. I also thought of people that I have known that are bullshitters. ,52,1,,6,,,social_bullshitter
12/8/22 11:54,12/8/22 11:57,0,172.58.4.111,100,166,1,12/8/22 11:57,R_3PGdGkSMFCCIg5J,,,,,33.8895,-84.2921,anonymous,EN,1,1,2,7,10,9,9,9,3,2,6,9,1,8,8,1,1,1,1,1,1,1,2,4,1,4,1,22|2|9|14|11|8|16|10|4|19|23|13|18|24|25|20|15|17|6|5|26|12|7|21|3|1,,,,,,,,,,,,,,,,,,,,,,,,,,,,,,,,,,,,,,,,,,,,,,,,,,,,,,,,,,,,,,,,,,,,,,,,,,,,,,,,,I feel corporate speak is inherently dishonest and the things they say tend to be facetious. ,23,1,,6,,,corporate_bullshitter
12/8/22 11:56,12/8/22 11:58,0,50.219.168.178,100,79,1,12/8/22 11:58,R_b0WX1UG2PXHKU8h,,,,,40.2329,-111.6688,anonymous,EN,1,,,,,,,,,,,,,,,,,,,,,,,,,,,,10,10,10,10,10,10,11,9,11,11,10,10,9,10,10,10,10,10,11,9,10,9,10,10,11,10,19|17|10|5|3|15|2|6|22|13|1|21|8|26|20|23|9|12|11|18|24|25|7|4|16|14,,,,,,,,,,,,,,,,,,,,,,,,,,,,,,,,,,,,,,,,,,,,,,,,,,,,,,Based on personal opinion. I tried to react based on personal reaction,27,1,,6,,,social_bullshitter
12/8/22 11:54,12/8/22 11:58,0,24.95.181.46,100,240,1,12/8/22 11:58,R_1l9pFYvgIcCTAgf,,,,,38.4736,-82.6413,anonymous,EN,1,,,,,,,,,,,,,,,,,,,,,,,,,,,,2,1,8,7,7,8,10,10,7,7,2,4,8,6,1,9,7,6,4,3,2,4,3,4,6,3,2|15|17|13|22|9|11|6|7|23|26|21|19|10|8|25|3|16|18|1|20|5|24|12|4|14,,,,,,,,,,,,,,,,,,,,,,,,,,,,,,,,,,,,,,,,,,,,,,,,,,,,,,I tried to remember the example sentences as well as think of examples from everyday life or personal observation.,50,2,,6,,,social_bullshitter
12/8/22 11:51,12/8/22 11:58,0,24.91.31.117,100,408,1,12/8/22 11:58,R_2YPXBUUUoNmxYoH,,,,,42.3654,-72.4671,anonymous,EN,1,,,,,,,,,,,,,,,,,,,,,,,,,,,,2,2,8,10,7,7,10,10,10,9,6,6,3,6,2,10,9,3,6,4,2,4,3,2,3,3,16|22|13|18|20|3|17|2|19|5|10|12|7|21|9|11|25|14|1|6|15|4|26|24|23|8,,,,,,,,,,,,,,,,,,,,,,,,,,,,,,,,,,,,,,,,,,,,,,,,,,,,,,I arrived at my answers by visualizing a bullshitter spewing bullshit.  I then evaluated how this imaginary bullshitter fulfilled the characteristics you asked on the previous page. ,63,1,,6,,,social_bullshitter
12/8/22 11:52,12/8/22 11:58,0,71.208.159.64,100,388,1,12/8/22 11:58,R_tGs0fpr6GCby4JH,,,,,26.5544,-81.9021,anonymous,EN,1,,,,,,,,,,,,,,,,,,,,,,,,,,,,,,,,,,,,,,,,,,,,,,,,,,,,,,,,,,,,,,,,,,,,,,,,,,,,,,,,,5,7,5,6,4,4,6,6,6,6,5,7,8,6,4,10,8,6,7,7,4,6,6,6,8,6,16|23|13|14|6|10|2|24|22|17|19|20|11|18|26|5|12|8|25|15|4|9|7|3|1|21,"People who take these statements at face value aren't necessarily stupid; rather, they tend to value people and interactions highly enough that they suspend their disbelief in order to participate in the discussion. They may do this unconsciously, and realize that the reasoning is specious if pressed to think about it more deeply.",39,2,,6,,,social_bullshittee
12/8/22 11:54,12/8/22 11:58,0,172.56.23.145,100,226,1,12/8/22 11:58,R_1IKpfmsEofZSWki,,,,,41.1631,-73.214,anonymous,EN,1,,,,,,,,,,,,,,,,,,,,,,,,,,,,,,,,,,,,,,,,,,,,,,,,,,,,,,,,,,,,,,,,,,,,,,,,,,,,,,,,,7,6,6,7,5,6,5,7,6,6,7,6,5,9,7,7,8,5,6,7,8,8,6,8,7,6,2|7|3|25|9|16|17|6|20|22|12|8|24|26|5|15|23|4|1|18|10|14|21|11|13|19,I’m think all people are deifferent: it’s hard to try and rope people in to certain categories without fully knowing them ,34,1,,6,,,social_bullshittee
12/8/22 11:54,12/8/22 11:58,0,47.199.190.232,100,277,1,12/8/22 11:58,R_wT8iO0eNc8NtfaN,,,,,28.0684,-82.7593,anonymous,EN,1,,,,,,,,,,,,,,,,,,,,,,,,,,,,,,,,,,,,,,,,,,,,,,,,,,,,,,,5,5,2,9,6,4,5,10,10,5,4,5,10,3,3,8,6,6,6,3,2,7,7,5,10,2,,,,,,,,,,,,,,,,,,,,,,,,,,,,"I thought about people I have known or whom I know who believe ""bullshit,"" and I thought about what they had in common. Really smart intelligent people or people with a lot of common sense, both type of whom are not gullible, are generally more likely to call bullshit and to ask for clarification on nonsensical but profoun-sounding statements.",57,2,,6,,,corporate_bullshittee
12/8/22 11:55,12/8/22 11:59,0,96.63.189.62,100,233,1,12/8/22 11:59,R_1HbozeKDQJ0Tk6u,,,,,42.4718,-96.3549,anonymous,EN,1,,,,,,,,,,,,,,,,,,,,,,,,,,,,,,,,,,,,,,,,,,,,,,,,,,,,,,,2,2,8,10,8,9,11,8,8,9,6,4,4,8,3,10,6,8,7,7,7,9,9,8,4,2,,,,,,,,,,,,,,,,,,,,,,,,,,,,Someone who does that is more of a sales person.  Usually social and attractive.  Would say anything to get it sold.  No real moral values.,33,2,,6,,,corporate_bullshittee
12/8/22 11:55,12/8/22 11:59,0,72.180.17.17,100,230,1,12/8/22 11:59,R_3PAnQEP872ryq1Y,,,,,33.0176,-96.9926,anonymous,EN,1,,,,,,,,,,,,,,,,,,,,,,,,,,,,,,,,,,,,,,,,,,,,,,,,,,,,,,,,,,,,,,,,,,,,,,,,,,,,,,,,,2,3,7,10,10,6,10,6,6,10,4,3,7,3,2,3,2,4,2,5,2,7,2,1,2,1,15|5|4|26|12|10|17|20|13|25|16|2|8|18|23|6|3|7|19|24|14|1|21|11|9|22,"People with these personalities, where they intentionally mislead people and just want to sound good, don't have very good traits. I have experienced them myself and they  typically just care about themselves and how they look. I have seen this myself personally and experienced it. I arrived to the conclusion about these various traits that the person is self-centered and not very intelligent because they are not socially conscious and don't care about others.",38,1,,6,,,social_bullshittee
12/8/22 11:54,12/8/22 11:59,0,98.27.228.205,100,283,1,12/8/22 11:59,R_2a92qisQUbC7Sz0,,,,,41.4459,-81.4212,anonymous,EN,1,,,,,,,,,,,,,,,,,,,,,,,,,,,,3,2,5,11,9,7,8,6,9,11,6,6,1,8,3,9,6,6,5,6,4,9,9,6,1,3,19|1|11|6|7|3|15|22|13|17|9|14|10|2|21|23|20|16|18|25|26|4|5|12|24|8,,,,,,,,,,,,,,,,,,,,,,,,,,,,,,,,,,,,,,,,,,,,,,,,,,,,,,"I thought of people I personally know who are bullshitters and thought about their attributes.  Not all bullshitters are the same; some are truly full of it and others believe their own stories.  Therefore some attributes will be the same, some different.",61,2,,6,,,social_bullshitter
12/8/22 11:49,12/8/22 11:59,0,35.138.238.49,100,623,1,12/8/22 11:59,R_2CHxVDPxytYWelW,,,,,28.2475,-82.4943,anonymous,EN,1,,,,,,,,,,,,,,,,,,,,,,,,,,,,,,,,,,,,,,,,,,,,,,,,,,,,,,,8,5,4,7,6,4,4,7,7,5,4,8,10,5,4,8,9,7,7,7,5,4,4,6,10,3,,,,,,,,,,,,,,,,,,,,,,,,,,,,"Just based on my gut instincts. I think with people like that the biggest trait is, ""laziness."" People that don't want to critically think or research and just go with what they hear.",37,1,,6,,,corporate_bullshittee
12/8/22 11:56,12/8/22 11:59,0,47.232.36.93,100,223,1,12/8/22 11:59,R_AhW66dTIIsqsyIh,,,,,44.7499,-93.2081,anonymous,EN,1,,,,,,,,,,,,,,,,,,,,,,,,,,,,7,9,7,7,8,7,7,6,7,7,7,8,8,8,7,6,7,8,8,8,6,8,8,8,9,8,21|9|1|5|11|25|18|17|13|15|2|16|12|10|4|6|7|22|19|14|8|24|3|26|20|23,,,,,,,,,,,,,,,,,,,,,,,,,,,,,,,,,,,,,,,,,,,,,,,,,,,,,,I figured the term is pretty common and its interpreted differently sometimes. ,28,1,,6,,,social_bullshitter
12/8/22 11:55,12/8/22 11:59,0,108.91.68.165,100,231,1,12/8/22 11:59,R_DMKKygKiBmv47FD,,,,,37.9964,-122.2901,anonymous,EN,1,1,1,9,11,10,11,11,11,9,3,4,1,5,7,1,2,2,1,4,5,1,4,1,1,3,1,10|13|26|12|14|20|9|5|6|4|8|23|17|1|25|22|3|2|19|18|16|21|24|11|7|15,,,,,,,,,,,,,,,,,,,,,,,,,,,,,,,,,,,,,,,,,,,,,,,,,,,,,,,,,,,,,,,,,,,,,,,,,,,,,,,,,"I've heard statements like these before, and they always seem to be deep, but they're meant to confuse.",62,2,,6,,,corporate_bullshitter
12/8/22 11:57,12/8/22 11:59,0,75.117.14.5,100,130,1,12/8/22 11:59,R_1EYbiqdA4qWV31E,,,,,31.2462,-83.6549,anonymous,EN,1,1,2,8,11,11,8,10,10,11,10,6,2,7,5,2,4,5,7,2,2,1,7,3,4,5,2,15|7|3|19|11|24|23|8|22|10|4|13|16|12|14|26|17|1|25|18|6|9|21|2|20|5,,,,,,,,,,,,,,,,,,,,,,,,,,,,,,,,,,,,,,,,,,,,,,,,,,,,,,,,,,,,,,,,,,,,,,,,,,,,,,,,,Those statements are things an idiot who is trying to appear intelligent would say. ,44,2,,6,,,corporate_bullshitter
12/8/22 11:55,12/8/22 11:59,0,52.94.133.130,100,229,1,12/8/22 11:59,R_UGwjnHUC98KETQJ,,,,,39.0469,-77.4903,anonymous,EN,1,,,,,,,,,,,,,,,,,,,,,,,,,,,,,,,,,,,,,,,,,,,,,,,,,,,,,,,,,,,,,,,,,,,,,,,,,,,,,,,,,6,6,1,2,1,1,5,6,5,2,3,8,11,2,2,9,9,6,6,6,2,3,2,2,11,11,1|2|14|4|10|13|25|11|17|18|5|9|21|23|8|16|6|7|19|26|3|12|20|22|15|24,"I feel like they are probably not highly intelligent and very gullible. Other than that, it's hard to assign some traits without knowing more.",34,2,,6,,,social_bullshittee
12/8/22 11:59,12/8/22 11:59,0,73.163.255.161,100,38,1,12/8/22 11:59,R_vqswFVYzITQvZjb,,,,,38.8155,-77.1205,anonymous,EN,1,6,6,6,6,6,6,6,6,6,6,6,6,6,6,6,6,6,6,6,6,6,6,6,6,6,6,20|17|4|26|3|6|10|25|1|7|22|11|23|24|5|16|15|9|14|2|12|8|21|13|19|18,,,,,,,,,,,,,,,,,,,,,,,,,,,,,,,,,,,,,,,,,,,,,,,,,,,,,,,,,,,,,,,,,,,,,,,,,,,,,,,,,indifferent ,24,2,,1,,,corporate_bullshitter
12/8/22 11:49,12/8/22 11:59,0,71.204.165.180,100,646,1,12/8/22 11:59,R_2xx8sop0sGLRVaB,,,,,37.3859,-122.0882,anonymous,EN,1,2,2,6,11,11,1,10,11,9,10,6,4,9,8,3,6,6,2,4,3,6,7,4,4,11,1,17|15|26|11|22|18|23|12|25|13|2|7|4|6|24|8|14|20|21|16|9|1|10|3|19|5,,,,,,,,,,,,,,,,,,,,,,,,,,,,,,,,,,,,,,,,,,,,,,,,,,,,,,,,,,,,,,,,,,,,,,,,,,,,,,,,,Such a person is ambitious who craftily uses the words to talk bullshit and thinks that it would impress and deceive most people. His words are hollow.  He is using his mastery over English language to create bullshit and to mislead peopele.,37,2,,1,,,corporate_bullshitter
12/8/22 11:56,12/8/22 11:59,0,76.150.156.6,100,228,1,12/8/22 11:59,R_2qpBRSaQxjeseXA,,,,,41.7688,-88.3405,anonymous,EN,1,,,,,,,,,,,,,,,,,,,,,,,,,,,,3,4,1,1,3,1,6,9,9,5,7,1,4,7,7,8,3,3,6,5,3,6,4,4,5,1,23|4|20|13|11|3|10|19|25|17|15|8|21|14|1|22|6|7|12|16|18|5|2|24|9|26,,,,,,,,,,,,,,,,,,,,,,,,,,,,,,,,,,,,,,,,,,,,,,,,,,,,,,By my gut feeling and some facts i already know about people and things.,46,2,,6,,,social_bullshitter
12/8/22 11:56,12/8/22 12:00,0,75.183.55.106,100,234,1,12/8/22 12:00,R_ZJGQCkavURAq4cV,,,,,36.143,-80.3073,anonymous,EN,1,,,,,,,,,,,,,,,,,,,,,,,,,,,,,,,,,,,,,,,,,,,,,,,,,,,,,,,,,,,,,,,,,,,,,,,,,,,,,,,,,5,1,7,7,4,5,7,3,3,8,9,4,10,4,4,8,6,4,6,4,8,8,8,6,5,3,23|13|9|2|14|8|5|7|17|4|6|25|26|12|20|22|1|18|16|21|11|3|24|19|15|10,I think those with that kind of character would try to convince others in their best way by trying to be convincing and persuasive. They would make things to appear  more than they truly are,43,2,,2,,,social_bullshittee
12/8/22 11:55,12/8/22 12:00,0,71.91.144.186,100,270,1,12/8/22 12:00,R_8Jj8eC5xKTCML3b,,,,,30.4978,-92.3906,anonymous,EN,1,1,1,11,11,11,11,11,1,1,1,1,1,6,1,1,1,1,1,1,1,1,1,1,1,6,1,12|4|3|7|5|14|2|13|22|19|11|15|26|23|25|18|10|9|20|24|21|8|16|6|1|17,,,,,,,,,,,,,,,,,,,,,,,,,,,,,,,,,,,,,,,,,,,,,,,,,,,,,,,,,,,,,,,,,,,,,,,,,,,,,,,,,Such a person is suspicious and not worthy of being honest.,48,2,,2,,,corporate_bullshitter
12/8/22 11:57,12/8/22 12:00,0,173.13.100.193,100,154,1,12/8/22 12:00,R_2rT9HKDS6jqnxIo,,,,,42.5334,-70.9653,anonymous,EN,1,,,,,,,,,,,,,,,,,,,,,,,,,,,,,,,,,,,,,,,,,,,,,,,,,,,,,,,4,3,6,6,6,7,8,7,7,7,6,3,4,6,6,5,4,6,3,3,2,2,2,2,6,2,,,,,,,,,,,,,,,,,,,,,,,,,,,,I based it on personal experiences.,33,1,,6,,,corporate_bullshittee
12/8/22 11:56,12/8/22 12:00,0,66.61.36.106,100,243,1,12/8/22 12:00,R_3OriG37Ts4bDarh,,,,,41.3617,-82.2538,anonymous,EN,1,,,,,,,,,,,,,,,,,,,,,,,,,,,,,,,,,,,,,,,,,,,,,,,,,,,,,,,,,,,,,,,,,,,,,,,,,,,,,,,,,3,4,8,10,6,8,7,8,9,6,7,5,11,5,3,8,8,6,3,7,3,8,3,5,11,7,15|23|19|14|25|5|24|12|21|11|26|8|22|18|20|6|7|16|3|9|17|4|13|2|10|1,"Well a lot of ambitious, nice and successful people are believe the bullshit they hear but that doesn't mean they aren't warm, friendly, or any of the other traits. It just means they fall for it.",68,2,,6,,,social_bullshittee
12/8/22 11:55,12/8/22 12:01,0,24.193.224.66,100,361,1,12/8/22 12:01,R_2Eae0Ny0V7A4m2h,,,,,40.6117,-74.0851,anonymous,EN,1,2,3,8,11,11,10,7,11,11,11,6,3,4,7,2,8,6,6,7,8,2,9,5,4,2,2,17|14|21|2|13|7|16|19|24|11|10|26|18|25|1|23|9|12|5|3|8|6|20|15|4|22,,,,,,,,,,,,,,,,,,,,,,,,,,,,,,,,,,,,,,,,,,,,,,,,,,,,,,,,,,,,,,,,,,,,,,,,,,,,,,,,,"From doing my own research, lots of it! I'm interested in human nature aspects and the different kinds of humans. These judgments and discernments used are also based on personal experience with such persons.",42,2,,1,,,corporate_bullshitter
12/8/22 11:57,12/8/22 12:01,0,73.94.172.77,100,217,1,12/8/22 12:01,R_31sgOlMIApoOlFF,,,,,44.8101,-93.1519,anonymous,EN,1,4,4,6,7,9,6,7,6,4,8,4,4,4,4,4,6,4,4,6,6,4,6,4,4,5,4,2|5|7|22|11|8|4|26|16|6|15|17|10|20|13|3|23|1|19|21|9|12|25|14|24|18,,,,,,,,,,,,,,,,,,,,,,,,,,,,,,,,,,,,,,,,,,,,,,,,,,,,,,,,,,,,,,,,,,,,,,,,,,,,,,,,,"I though about the bullshit sentences on the whole and bullshitting on the whole and considered how bullshitting matched the the possible phrases. Bullshitting is low on honest and high on dominance, for example.",35,2,,6,,,corporate_bullshitter
12/8/22 11:58,12/8/22 12:01,0,74.140.213.231,100,181,1,12/8/22 12:01,R_2Ckot2CDuRg5QzR,,,,,39.7589,-84.0618,anonymous,EN,1,,,,,,,,,,,,,,,,,,,,,,,,,,,,5,3,3,8,3,1,5,9,9,4,7,4,8,7,5,8,8,5,7,8,5,5,4,7,6,2,11|7|16|4|22|8|24|3|5|26|18|21|1|15|20|9|19|23|2|25|6|10|12|13|17|14,,,,,,,,,,,,,,,,,,,,,,,,,,,,,,,,,,,,,,,,,,,,,,,,,,,,,,"I thought about what the sentences meant and how a person would come across saying them, and how likely they were to come true or for the person to believe in them, and then rated accordingly.",38,2,,6,,,social_bullshitter
12/8/22 11:58,12/8/22 12:01,0,216.160.129.235,100,169,1,12/8/22 12:01,R_3KowZxBCMvbfADj,,,,,39.9834,-105.143,anonymous,EN,1,4,2,8,10,11,7,10,11,11,11,10,4,1,11,8,8,3,6,6,2,2,9,10,3,2,6,17|4|22|3|21|25|1|16|20|8|5|13|11|9|7|12|2|18|14|23|15|6|26|19|24|10,,,,,,,,,,,,,,,,,,,,,,,,,,,,,,,,,,,,,,,,,,,,,,,,,,,,,,,,,,,,,,,,,,,,,,,,,,,,,,,,,These people are most likely not the most moral or kind people. They are driven by greed.,45,2,,6,,,corporate_bullshitter
12/8/22 11:59,12/8/22 12:01,0,12.233.2.1,100,132,1,12/8/22 12:01,R_2P7rKSmZjZ0VgZr,,,,,41.3164,-88.5994,anonymous,EN,1,,,,,,,,,,,,,,,,,,,,,,,,,,,,,,,,,,,,,,,,,,,,,,,,,,,,,,,6,6,3,2,2,2,4,6,3,4,2,7,10,4,3,7,8,5,4,3,4,3,3,5,10,4,,,,,,,,,,,,,,,,,,,,,,,,,,,,If someone believes BS they're not rating high.,50,2,,6,,,corporate_bullshittee
12/8/22 12:00,12/8/22 12:01,0,174.131.21.34,100,118,1,12/8/22 12:01,R_3fvOBhyFXZX0hT3,,,,,45.3511,-93.7398,anonymous,EN,1,,,,,,,,,,,,,,,,,,,,,,,,,,,,3,2,8,11,10,6,10,5,5,9,3,3,8,4,2,7,3,1,9,4,2,10,10,8,9,2,14|3|8|5|12|15|9|19|23|24|2|22|25|13|18|17|21|26|6|4|10|11|16|7|20|1,,,,,,,,,,,,,,,,,,,,,,,,,,,,,,,,,,,,,,,,,,,,,,,,,,,,,,"i think someone who acts like this has a lot of negative attributes. they are probably a strong personality who thinks they are always right. in turn, they likely are a person who does not live by a true set of morals.",25,1,,6,,,social_bullshitter
12/8/22 11:56,12/8/22 12:02,0,192.206.56.1,100,309,1,12/8/22 12:02,R_10NpKa9v6p0PHcS,,,,,37.7007,-97.4383,anonymous,EN,1,,,,,,,,,,,,,,,,,,,,,,,,,,,,,,,,,,,,,,,,,,,,,,,,,,,,,,,1,1,3,5,4,4,6,10,9,9,6,4,10,6,3,9,6,5,3,3,2,5,4,3,7,3,,,,,,,,,,,,,,,,,,,,,,,,,,,,People who buy into the corporate culture and speak are just trying to boost their image in hopes of fitting in and getting a larger role in the company.  They will do whatever they need to in order to be accepted.  They are just gullible people looking for a place.,39,2,,6,,,corporate_bullshittee
12/8/22 11:55,12/8/22 12:02,0,70.119.119.98,100,417,1,12/8/22 12:02,R_3RqnqPMgmezDntp,,,,,33.0928,-96.6454,anonymous,EN,1,,,,,,,,,,,,,,,,,,,,,,,,,,,,,,,,,,,,,,,,,,,,,,,,,,,,,,,5,5,4,6,4,1,2,3,3,2,3,2,4,4,2,4,5,1,5,5,2,6,5,3,6,1,,,,,,,,,,,,,,,,,,,,,,,,,,,,I think that someone who would say the kinds of example sentences on the previous page fully believes that they are making very persuasive and influential statements and I think that they think they are intelligent in their career. I don't think it is always being done maliciously because they probably have heard these kinds of phrases since they entered their chosen field. They probably think highly of themselves because they can put big words together and sound convincing but I don't think their main goal is always to deceive the listener.,37,2,,6,,,corporate_bullshittee
12/8/22 11:59,12/8/22 12:02,0,63.230.236.49,100,212,1,12/8/22 12:02,R_30vi6mkcLdKHPww,,,,,33.2516,-111.7006,anonymous,EN,1,,,,,,,,,,,,,,,,,,,,,,,,,,,,,,,,,,,,,,,,,,,,,,,,,,,,,,,,,,,,,,,,,,,,,,,,,,,,,,,,,2,5,4,3,2,3,4,7,6,4,3,8,11,4,3,9,8,5,3,3,3,2,3,5,11,7,12|5|19|22|16|4|23|15|1|3|2|21|26|8|17|24|9|25|14|20|13|7|11|18|6|10,They believe in people too much. They are like children.,39,1,,6,,,social_bullshittee
12/8/22 11:56,12/8/22 12:03,0,73.157.0.120,100,416,1,12/8/22 12:03,R_xyzsmZEknH1vW4F,,,,,47.2476,-122.4643,anonymous,EN,1,,,,,,,,,,,,,,,,,,,,,,,,,,,,3,2,4,7,6,6,6,4,3,6,3,3,6,2,3,4,4,3,1,3,2,1,2,4,1,1,8|3|18|5|22|16|7|15|4|24|26|1|23|11|20|10|25|14|13|6|17|2|12|21|19|9,,,,,,,,,,,,,,,,,,,,,,,,,,,,,,,,,,,,,,,,,,,,,,,,,,,,,,"the person seem pessimistic, not optimistic about the future.  ",43,1,,2,,,social_bullshitter
12/8/22 11:58,12/8/22 12:03,0,209.105.128.90,100,267,1,12/8/22 12:03,R_SJGkOWdicYVPKKJ,,,,,44.6048,-72.9561,anonymous,EN,1,,,,,,,,,,,,,,,,,,,,,,,,,,,,,,,,,,,,,,,,,,,,,,,,,,,,,,,,,,,,,,,,,,,,,,,,,,,,,,,,,6,6,2,2,2,6,6,6,6,6,6,6,11,5,3,6,6,2,6,1,1,2,6,3,10,6,15|11|24|22|5|3|4|18|17|26|21|16|25|1|20|13|23|10|12|2|19|8|7|9|6|14,"For many of the personality aspects, it was impossible to draw a conclusion based solely on the likelihood of them believing that kind of bullshit, so I rated those in the middle.  But I rated them higher on factors like gullibility and lower on things like intelligence based on their willing to swallow the BS. ",64,1,,3,,,social_bullshittee
12/8/22 11:48,12/8/22 12:03,0,67.44.160.53,100,877,1,12/8/22 12:03,R_Ya8D2XFjAe1nbGh,,,,,35.2296,-80.843,anonymous,EN,1,1,1,9,11,2,11,11,10,4,1,1,1,8,1,1,3,1,1,1,1,1,1,1,1,8,1,23|9|16|3|25|22|17|13|20|26|11|8|12|5|21|7|6|4|2|19|10|24|18|15|1|14,,,,,,,,,,,,,,,,,,,,,,,,,,,,,,,,,,,,,,,,,,,,,,,,,,,,,,,,,,,,,,,,,,,,,,,,,,,,,,,,,"Someone who uses stupid phrases, lies, and tries to make themselves look better than what they are aren't worth a penny in the business world. Unless, of course, they are in politics.",53,2,,6,,,corporate_bullshitter
12/8/22 12:00,12/8/22 12:03,0,73.206.34.173,100,200,1,12/8/22 12:03,R_1IyH3AFneaMmww4,,,,,29.7388,-95.8309,anonymous,EN,1,6,6,9,9,9,9,9,9,7,9,6,6,9,6,6,8,6,6,8,8,8,8,7,8,6,6,9|7|8|26|14|17|10|25|2|23|12|3|11|18|24|21|16|15|6|4|5|13|20|19|1|22,,,,,,,,,,,,,,,,,,,,,,,,,,,,,,,,,,,,,,,,,,,,,,,,,,,,,,,,,,,,,,,,,,,,,,,,,,,,,,,,,-,34,2,,1,,,corporate_bullshitter
12/8/22 12:00,12/8/22 12:03,0,172.113.41.11,100,185,1,12/8/22 12:03,R_2dnG5x03qrw07Vc,,,,,34.0767,-118.1802,anonymous,EN,1,,,,,,,,,,,,,,,,,,,,,,,,,,,,,,,,,,,,,,,,,,,,,,,,,,,,,,,6,6,6,4,6,4,4,7,6,5,7,6,5,6,6,7,7,6,6,6,6,7,7,6,5,3,,,,,,,,,,,,,,,,,,,,,,,,,,,,For the most part I was neutral. But i leaned more to the right or left depending on where I felt the person would stand. ,30,1,,1,,,corporate_bullshittee
12/8/22 12:01,12/8/22 12:03,0,99.101.177.40,100,165,1,12/8/22 12:03,R_2txUvFqPNNlUuxy,,,,,42.3667,-88.0925,anonymous,EN,1,,,,,,,,,,,,,,,,,,,,,,,,,,,,,,,,,,,,,,,,,,,,,,,,,,,,,,,,,,,,,,,,,,,,,,,,,,,,,,,,,6,5,7,11,9,9,11,7,6,8,6,8,7,7,4,7,9,7,8,7,5,5,6,7,5,5,17|9|15|22|12|19|2|16|23|11|8|20|4|5|10|13|21|24|3|7|1|6|18|25|26|14,I have met quite a few people like the one previously described. I based my answer off of my own personal interactions with such people.,40,1,,6,,,social_bullshittee
12/8/22 11:46,12/8/22 12:03,0,162.210.194.10,100,1043,1,12/8/22 12:04,R_8tRq2lpLPYE6ssV,,,,,39.7356,-75.5516,anonymous,EN,1,,,,,,,,,,,,,,,,,,,,,,,,,,,,,,,,,,,,,,,,,,,,,,,,,,,,,,,8,7,8,7,7,8,8,7,8,8,7,8,8,7,7,7,8,8,7,8,7,8,7,7,8,7,,,,,,,,,,,,,,,,,,,,,,,,,,,,"Despite the fact that bullshit is encountered almost on a daily basis, i personally fee like it helps in a way to understand what is not.",32,1,,2,,,corporate_bullshittee
12/8/22 12:01,12/8/22 12:04,0,147.97.34.212,100,176,1,12/8/22 12:04,R_3dFgNKVPnPbw90J,,,,,35.8308,-90.7023,anonymous,EN,1,2,2,11,10,7,9,10,4,5,10,2,2,5,4,5,6,3,5,7,4,7,8,8,4,4,4,13|10|12|3|26|16|20|8|17|14|2|6|24|15|1|11|4|18|9|22|23|21|19|7|25|5,,,,,,,,,,,,,,,,,,,,,,,,,,,,,,,,,,,,,,,,,,,,,,,,,,,,,,,,,,,,,,,,,,,,,,,,,,,,,,,,,"I typically don't trust bullshitters, as they are typically out for their own benefit (in my opinion).",37,1,,6,,,corporate_bullshitter
12/8/22 12:02,12/8/22 12:04,0,174.55.253.213,100,126,1,12/8/22 12:04,R_231UsbpNaKj4faq,,,,,41.1408,-77.444,anonymous,EN,1,,,,,,,,,,,,,,,,,,,,,,,,,,,,1,3,8,11,11,10,11,10,8,8,2,2,4,2,3,4,3,6,2,2,2,4,4,2,4,2,13|26|16|14|2|15|21|17|19|3|11|1|10|8|12|4|24|6|7|5|25|23|9|18|20|22,,,,,,,,,,,,,,,,,,,,,,,,,,,,,,,,,,,,,,,,,,,,,,,,,,,,,,The people are BSers.  They are not good people.  They are in it for themselves and don't care about others.,30,1,,6,,,social_bullshitter
12/8/22 12:02,12/8/22 12:04,0,208.95.130.2,100,155,1,12/8/22 12:04,R_XhrCMCn1A2Vn99n,,,,,37.751,-97.822,anonymous,EN,1,,,,,,,,,,,,,,,,,,,,,,,,,,,,,,,,,,,,,,,,,,,,,,,,,,,,,,,4,4,6,5,5,5,4,2,5,4,1,6,11,2,2,6,6,6,5,2,2,3,3,2,11,6,,,,,,,,,,,,,,,,,,,,,,,,,,,,"I pictured the kind of person who would believe such statements.  I then thought about what kind of person that would be and whether a particular trait would likely apply to them, and to what degree.",51,1,,6,,,corporate_bullshittee
12/8/22 12:03,12/8/22 12:05,0,76.121.211.194,100,130,1,12/8/22 12:05,R_AmKBQlRXTLxRqSZ,,,,,47.6144,-122.3447,anonymous,EN,1,,,,,,,,,,,,,,,,,,,,,,,,,,,,2,2,9,8,9,9,9,9,4,6,4,2,3,4,3,2,2,2,5,3,2,6,6,2,2,2,5|14|4|9|11|7|22|20|13|24|23|19|10|21|6|12|17|15|1|8|18|16|26|25|2|3,,,,,,,,,,,,,,,,,,,,,,,,,,,,,,,,,,,,,,,,,,,,,,,,,,,,,,I think of them as people who don't actually care but want to sound impressive. They are willing to be deceitful to appear smarter or look better.,30,1,,7,White and Asian,,social_bullshitter
12/8/22 11:58,12/8/22 12:05,0,99.63.16.63,100,398,1,12/8/22 12:05,R_30w487GolGwEpan,,,,,39.1995,-94.5265,anonymous,EN,1,,,,,,,,,,,,,,,,,,,,,,,,,,,,,,,,,,,,,,,,,,,,,,,,,,,,,,,3,2,4,9,6,7,8,7,7,8,5,4,2,7,4,5,6,6,5,2,1,7,8,5,4,1,,,,,,,,,,,,,,,,,,,,,,,,,,,,"A bullshitter is typically looking out for themselves first.  They are also trying to look good and impress others with their alleged knowledge. Besides corporate executives, politicians are routinely bullshitting us. ",64,1,,6,,,corporate_bullshittee
12/8/22 12:02,12/8/22 12:06,0,74.126.45.111,100,217,1,12/8/22 12:06,R_yl8uvUC3E6Ruz3r,,,,,40.3626,-83.7565,anonymous,EN,1,,,,,,,,,,,,,,,,,,,,,,,,,,,,,,,,,,,,,,,,,,,,,,,,,,,,,,,3,6,7,10,7,7,8,7,7,5,3,5,7,4,2,8,6,5,3,3,2,5,4,4,8,4,,,,,,,,,,,,,,,,,,,,,,,,,,,,"I generally don't look highly on people who follow corporate speak.  In my experience, they're either gullible or duplicitous depending on the circumstances.",40,1,,6,,,corporate_bullshittee
12/8/22 12:04,12/8/22 12:06,0,64.92.86.2,100,136,1,12/8/22 12:06,R_2VdKtM9HJidFVpw,,,,,40.598,-111.9619,anonymous,EN,1,2,1,9,9,11,9,10,10,10,10,5,10,8,4,5,9,9,6,9,9,2,8,8,6,2,8,14|26|6|19|3|11|9|15|23|10|21|7|16|17|18|24|2|5|25|8|1|12|4|20|22|13,,,,,,,,,,,,,,,,,,,,,,,,,,,,,,,,,,,,,,,,,,,,,,,,,,,,,,,,,,,,,,,,,,,,,,,,,,,,,,,,,"Just that people who use these terms tend to want to appear smart, charismatic, and personable, but tend to not actually know what they are talking about. ",38,1,,6,,,corporate_bullshitter
12/8/22 12:04,12/8/22 12:07,0,76.190.108.66,100,162,1,12/8/22 12:07,R_28MKojJU5w9ZfE4,,,,,38.2182,-86.1125,anonymous,EN,1,,,,,,,,,,,,,,,,,,,,,,,,,,,,,,,,,,,,,,,,,,,,,,,,,,,,,,,7,7,2,8,3,1,3,9,9,8,8,6,4,7,6,8,8,6,7,5,5,8,8,6,5,4,,,,,,,,,,,,,,,,,,,,,,,,,,,,I imaged that type of person and how I felt they'd act.,42,2,,6,,,corporate_bullshittee
12/8/22 12:05,12/8/22 12:08,0,97.123.169.116,100,179,1,12/8/22 12:08,R_OIkqCz0yN05Si1r,,,,,35.141,-106.711,anonymous,EN,1,,,,,,,,,,,,,,,,,,,,,,,,,,,,4,2,6,10,6,5,7,7,8,4,4,3,10,4,3,4,4,4,4,2,2,4,5,3,11,8,12|18|7|25|9|14|23|19|1|21|20|2|4|22|10|15|8|13|11|6|24|16|26|17|5|3,,,,,,,,,,,,,,,,,,,,,,,,,,,,,,,,,,,,,,,,,,,,,,,,,,,,,,"I simply tried to mentally picture the kind of person I imagine saying the example phrases.  I also used a few people I know in real life as a jumping off point, as they are prone to saying things like these.",38,1,,3,,,social_bullshitter
12/8/22 12:04,12/8/22 12:08,0,67.7.27.221,100,219,1,12/8/22 12:08,R_6SttvZGtXKB3o9X,,,,,31.7583,-95.6366,anonymous,EN,1,,,,,,,,,,,,,,,,,,,,,,,,,,,,,,,,,,,,,,,,,,,,,,,,,,,,,,,,,,,,,,,,,,,,,,,,,,,,,,,,,3,5,4,10,8,7,5,10,9,6,6,8,8,7,2,8,8,6,6,6,1,7,1,7,8,7,13|7|4|8|21|2|3|25|18|19|20|6|10|23|16|22|24|17|1|9|11|26|5|15|12|14,"People who write these types of things are trying to convince people of how smart they are, while also convincing others to buy something. I just rated each line based on that.",63,1,,6,,,social_bullshittee
12/8/22 12:05,12/8/22 12:08,0,98.208.214.201,100,190,1,12/8/22 12:08,R_Xtx5nrSrGkWR6Jb,,,,,26.5337,-81.7062,anonymous,EN,1,,,,,,,,,,,,,,,,,,,,,,,,,,,,4,6,7,6,8,5,10,7,5,7,6,7,6,6,8,5,7,9,5,7,6,9,8,7,8,6,10|19|13|2|16|12|18|5|14|23|17|26|9|25|20|24|15|21|7|1|8|22|6|4|11|3,,,,,,,,,,,,,,,,,,,,,,,,,,,,,,,,,,,,,,,,,,,,,,,,,,,,,,"I think about what it takes in order to emotionally manipulate people. I think it takes someone who is comfortable with chronic lying, which indicates someone who has mental illness.",26,2,,6,,,social_bullshitter
12/8/22 12:08,12/8/22 12:09,0,162.229.178.174,100,55,1,12/8/22 12:09,R_2rI8pOx6cC2kdTe,,,,,35.7633,-78.71,anonymous,EN,1,,,,,,,,,,,,,,,,,,,,,,,,,,,,4,2,9,10,3,10,9,4,3,6,4,2,8,2,4,3,4,2,3,4,3,3,6,2,8,3,15|19|16|2|20|1|23|25|5|13|3|26|9|12|22|21|17|10|11|7|24|8|6|4|14|18,,,,,,,,,,,,,,,,,,,,,,,,,,,,,,,,,,,,,,,,,,,,,,,,,,,,,,i thought of people i know who are like that and what they truly are,37,2,,6,,,social_bullshitter
12/8/22 12:06,12/8/22 12:09,0,69.247.38.1,100,201,1,12/8/22 12:09,R_T5fA9coacEIkCZ3,,,,,26.6067,-81.9507,anonymous,EN,1,2,1,10,10,11,8,9,9,9,9,4,3,9,2,4,6,6,1,3,1,1,3,2,1,11,2,13|16|10|22|19|14|4|15|25|7|3|11|24|18|26|2|1|5|20|23|21|17|12|6|9|8,,,,,,,,,,,,,,,,,,,,,,,,,,,,,,,,,,,,,,,,,,,,,,,,,,,,,,,,,,,,,,,,,,,,,,,,,,,,,,,,,I went with my feelings and the general consensus I have heard from others when dealing with people like this.,56,1,,6,,,corporate_bullshitter
12/8/22 12:09,12/8/22 12:10,0,71.62.77.114,100,88,1,12/8/22 12:10,R_AbQlB39oBOIjT69,,,,,37.5115,-77.5662,anonymous,EN,1,,,,,,,,,,,,,,,,,,,,,,,,,,,,6,5,6,7,7,5,6,6,6,5,5,7,5,5,5,6,6,6,4,3,5,4,5,5,7,7,12|15|19|2|3|23|6|14|9|22|1|24|8|25|7|13|10|17|11|18|21|4|20|16|26|5,,,,,,,,,,,,,,,,,,,,,,,,,,,,,,,,,,,,,,,,,,,,,,,,,,,,,,Intuition,43,1,,6,,,social_bullshitter
12/8/22 12:06,12/8/22 12:10,0,69.204.64.37,100,260,1,12/8/22 12:10,R_2PdHko9u5MnSYqF,,,,,43.0505,-78.853,anonymous,EN,1,1,1,9,10,2,6,11,10,9,4,2,1,6,2,1,6,2,2,4,3,1,3,3,1,8,4,8|24|5|11|9|10|2|6|17|12|1|22|15|23|14|21|19|25|13|26|7|20|18|16|4|3,,,,,,,,,,,,,,,,,,,,,,,,,,,,,,,,,,,,,,,,,,,,,,,,,,,,,,,,,,,,,,,,,,,,,,,,,,,,,,,,,"A person who speaks in corporate nonsense is someone who is either a phony, a brown-noser, or just not the brightest. They aim to do well in this world in any way they can, so they follow and bullshit, because they are not competent to do it any other way.",37,1,,6,,,corporate_bullshitter
12/8/22 12:08,12/8/22 12:11,0,32.219.249.211,100,171,1,12/8/22 12:11,R_2QleaoCsrSmFbbZ,,,,,41.776,-72.5283,anonymous,EN,1,,,,,,,,,,,,,,,,,,,,,,,,,,,,,,,,,,,,,,,,,,,,,,,,,,,,,,,6,6,1,2,1,1,2,7,4,3,3,7,9,7,4,6,8,6,3,4,3,7,6,5,2,4,,,,,,,,,,,,,,,,,,,,,,,,,,,,I think someone who believes in corporate bullshit is well meaning but a little naive,37,1,,6,,,corporate_bullshittee
12/8/22 12:06,12/8/22 12:12,0,24.211.26.202,100,322,1,12/8/22 12:12,R_ebYbBvZUPRbvkGJ,,,,,43.0538,-88.3976,anonymous,EN,1,,,,,,,,,,,,,,,,,,,,,,,,,,,,,,,,,,,,,,,,,,,,,,,,,,,,,,,3,4,2,4,2,1,3,4,4,3,5,4,10,3,1,6,7,2,2,1,1,2,2,2,9,1,,,,,,,,,,,,,,,,,,,,,,,,,,,,"Well, someone who easily believes such statements is likely to take information told at face value without critically thinking about it much. I would consider them intellectually lazy more or less. It's almost as if they're an ""empty shell"" of a person to some degree. Ultimately, I just wouldn't trust these people very much or at least be very skeptical at the minimum.",38,1,,6,,,corporate_bullshittee
12/8/22 11:58,12/8/22 12:12,0,172.56.217.88,100,881,1,12/8/22 12:12,R_1CyyLHIb7snKdKj,,,,,39.9943,-75.1181,anonymous,EN,1,,,,,,,,,,,,,,,,,,,,,,,,,,,,2,1,11,11,10,11,11,7,7,9,2,4,9,3,2,7,5,2,3,1,2,3,1,2,10,3,16|21|25|11|26|22|13|12|3|7|20|14|4|2|23|6|15|5|19|1|17|9|18|24|10|8,,,,,,,,,,,,,,,,,,,,,,,,,,,,,,,,,,,,,,,,,,,,,,,,,,,,,,I thought about the kinds of people who spread bullshit.  I then rated the traits according to how much a bullshitter would be likely to possess them.,55,1,,6,,,social_bullshitter
12/8/22 12:08,12/8/22 12:12,0,97.94.82.127,100,240,1,12/8/22 12:12,R_2Vz0PnsT1uy5o3F,,,,,43.1772,-85.2473,anonymous,EN,1,2,2,9,10,6,7,10,6,9,9,3,4,10,6,4,9,3,3,8,7,6,9,7,6,6,2,6|9|18|24|13|23|21|8|25|20|16|12|2|19|10|17|11|22|1|5|3|4|26|14|7|15,,,,,,,,,,,,,,,,,,,,,,,,,,,,,,,,,,,,,,,,,,,,,,,,,,,,,,,,,,,,,,,,,,,,,,,,,,,,,,,,,I know many bullshitters so I based my answers on knowing them,66,1,,6,,,corporate_bullshitter
12/8/22 12:09,12/8/22 12:12,0,66.189.11.134,100,200,1,12/8/22 12:12,R_3PsNZHK0FGBaiSp,,,,,42.0738,-72.0303,anonymous,EN,1,,,,,,,,,,,,,,,,,,,,,,,,,,,,,,,,,,,,,,,,,,,,,,,,,,,,,,,5,3,4,7,5,4,6,7,6,6,5,4,10,5,4,7,5,5,3,3,3,3,3,3,8,6,,,,,,,,,,,,,,,,,,,,,,,,,,,,"I tried to picture the people I know that buy into those kind of phrases and use them, then responded with the characteristics they have.  ",42,1,,6,,,corporate_bullshittee
12/8/22 12:08,12/8/22 12:12,0,208.81.142.12,100,281,1,12/8/22 12:12,R_DdAb5jlJrwyoNgZ,,,,,35.7614,-78.6015,anonymous,EN,1,,,,,,,,,,,,,,,,,,,,,,,,,,,,,,,,,,,,,,,,,,,,,,,,,,,,,,,,,,,,,,,,,,,,,,,,,,,,,,,,,6,6,7,10,6,9,9,9,8,8,7,5,8,7,7,8,7,6,7,4,7,9,9,4,6,8,12|16|6|18|22|14|13|20|3|11|10|15|24|25|5|2|21|26|4|17|9|7|23|8|1|19,"I feel like people who are known for social bullshitting display narsicistic characteristics because they believe they are right regardless of others opinions.  I think they are somewhat intelligent but definitely believe they are smarter than everyone else.  And that they know more regarding the ""bullshit"" subject.  They are also convincing.  ",42,2,,6,,,social_bullshittee
12/8/22 12:06,12/8/22 12:13,0,65.26.19.10,100,375,1,12/8/22 12:13,R_2OVhOjXVjQGB7ZO,,,,,39.0679,-94.713,anonymous,EN,1,,,,,,,,,,,,,,,,,,,,,,,,,,,,,,,,,,,,,,,,,,,,,,,,,,,,,,,7,6,5,6,5,6,7,5,5,4,5,6,11,5,5,6,7,5,5,6,5,5,5,5,8,5,,,,,,,,,,,,,,,,,,,,,,,,,,,,people who believe bs is usually naïve and inexperienced  and very gaolable. It takes knowing the ropes and growth to know when someone is a bs.,63,2,,6,,,corporate_bullshittee
12/8/22 12:05,12/8/22 12:13,0,107.11.43.82,100,457,1,12/8/22 12:13,R_R8jpZR9L1pTYlsR,,,,,40.1873,-82.9899,anonymous,EN,1,1,2,5,5,6,4,7,4,4,5,3,1,2,3,1,3,2,2,2,2,1,2,4,2,3,1,21|9|19|18|6|13|10|23|26|24|11|8|14|20|22|5|3|7|16|1|12|17|15|4|2|25,,,,,,,,,,,,,,,,,,,,,,,,,,,,,,,,,,,,,,,,,,,,,,,,,,,,,,,,,,,,,,,,,,,,,,,,,,,,,,,,,"I considered the lifetime impressions I have formed about people engaging in the art of bullshitting.  As people become better educated and more cynical, it should become less and less effective.",62,1,,6,,,corporate_bullshitter
12/8/22 12:07,12/8/22 12:13,0,71.74.14.176,100,356,1,12/8/22 12:13,R_pRw8RmdIhmTQufn,,,,,34.7419,-77.4576,anonymous,EN,1,,,,,,,,,,,,,,,,,,,,,,,,,,,,,,,,,,,,,,,,,,,,,,,,,,,,,,,,,,,,,,,,,,,,,,,,,,,,,,,,,3,5,4,4,5,4,5,4,4,2,2,3,11,2,2,8,6,6,2,1,1,2,5,2,11,6,26|23|24|16|19|14|5|11|9|2|22|8|21|12|15|13|4|25|7|6|10|17|18|3|1|20,"I can't really judge the person who believes the BS as harshly as the person who is slinging it. The believer is more sympathetic because they are naive and want to be easily led. Kind of like a follower of religion, which is also bullshit. Anyone who bullshits other people is ""not good,"" and anyone who believe it is misled, but not necessarily a ""bad"" person. ",46,2,,6,,,social_bullshittee
12/8/22 12:10,12/8/22 12:13,0,99.124.142.230,100,178,1,12/8/22 12:13,R_2fIPeTcCBWzchHV,,,,,38.061,-87.5501,anonymous,EN,1,,,,,,,,,,,,,,,,,,,,,,,,,,,,,,,,,,,,,,,,,,,,,,,,,,,,,,,6,5,10,9,9,7,8,5,8,8,4,4,8,7,5,8,7,5,6,6,5,8,7,4,4,4,,,,,,,,,,,,,,,,,,,,,,,,,,,,I just went with how I felt.,38,1,,6,,,corporate_bullshittee
12/8/22 12:09,12/8/22 12:13,0,98.28.81.34,100,268,1,12/8/22 12:13,R_1kHLNBCvlk4t4s5,,,,,41.4732,-84.5594,anonymous,EN,1,1,1,7,9,10,7,11,10,10,10,3,1,9,5,1,6,6,1,1,1,1,1,1,1,3,1,26|9|1|4|5|14|11|10|15|7|24|2|22|8|12|6|17|3|19|20|25|16|13|21|23|18,,,,,,,,,,,,,,,,,,,,,,,,,,,,,,,,,,,,,,,,,,,,,,,,,,,,,,,,,,,,,,,,,,,,,,,,,,,,,,,,,"I just pictured one of the worst bullshitters I know, and plugged in what I think of him. Pretty sure he personifies the term.",63,2,,6,,,corporate_bullshitter
12/8/22 12:10,12/8/22 12:14,0,136.49.62.189,100,233,1,12/8/22 12:14,R_vo6aheIRwGKUKid,,,,,30.3075,-97.7271,anonymous,EN,1,,,,,,,,,,,,,,,,,,,,,,,,,,,,,,,,,,,,,,,,,,,,,,,,,,,,,,,,,,,,,,,,,,,,,,,,,,,,,,,,,1,1,1,11,1,11,11,11,8,11,6,6,1,10,10,11,8,9,6,11,8,11,10,10,1,9,12|6|17|15|11|2|19|1|18|7|8|13|9|24|23|21|14|3|5|25|26|20|10|22|16|4,I just imagined a really skilled manipulator. Someone who misleads other.,45,2,,6,,,social_bullshittee
12/8/22 12:10,12/8/22 12:14,0,75.164.75.230,100,254,1,12/8/22 12:14,R_2VK4iM8epfG9CCz,,,,,45.5894,-122.7401,anonymous,EN,1,2,2,7,7,6,5,8,7,6,4,5,2,5,5,1,7,3,2,2,2,1,7,6,2,5,2,22|1|26|12|23|13|25|2|11|10|16|7|20|18|24|14|6|21|5|17|9|15|3|4|19|8,,,,,,,,,,,,,,,,,,,,,,,,,,,,,,,,,,,,,,,,,,,,,,,,,,,,,,,,,,,,,,,,,,,,,,,,,,,,,,,,,"In my mind, a corporate bullshitter matches up with other people in society who will say whatever they need to to try to get their way, without regard to how this affects others.  So in a sense, my values I indicated line up with those of a psychopath.",53,1,,6,,,corporate_bullshitter
12/8/22 12:10,12/8/22 12:14,0,24.60.119.17,100,227,1,12/8/22 12:14,R_3LcfABfJbyqJoRM,,,,,42.234,-72.583,anonymous,EN,1,,,,,,,,,,,,,,,,,,,,,,,,,,,,1,1,4,10,7,7,10,7,6,8,6,2,9,6,1,8,2,1,2,1,1,2,1,1,10,1,16|6|12|22|19|15|9|26|20|14|17|25|10|8|1|11|3|18|21|5|2|13|23|7|4|24,,,,,,,,,,,,,,,,,,,,,,,,,,,,,,,,,,,,,,,,,,,,,,,,,,,,,,Theres only 2 personalities for people like this.  They are the evil machavellian schemers who come up with this crap that bends people to their will.  Or the naive sheep who swallow this bs,49,1,,6,,,social_bullshitter
12/8/22 12:11,12/8/22 12:15,0,35.141.142.199,100,211,1,12/8/22 12:15,R_3Rkm4UZVLVsYCl9,,,,,28.0724,-82.5603,anonymous,EN,1,,,,,,,,,,,,,,,,,,,,,,,,,,,,,,,,,,,,,,,,,,,,,,,,,,,,,,,,,,,,,,,,,,,,,,,,,,,,,,,,,4,5,6,7,6,7,7,7,7,7,6,6,6,7,5,6,6,7,7,6,5,7,5,6,5,5,12|11|17|10|6|1|7|14|4|5|26|9|8|13|3|20|21|23|2|18|19|25|22|16|24|15,I analyzed the question. I gave my best answers.,50,2,,6,,,social_bullshittee
12/8/22 12:13,12/8/22 12:15,0,24.253.119.156,100,125,1,12/8/22 12:15,R_1lsEEbHaYZkn0cx,,,,,35.9937,-115.2867,anonymous,EN,1,1,1,10,11,10,10,11,10,9,8,9,2,2,8,2,9,1,1,3,6,2,9,10,1,1,3,2|3|8|1|15|14|10|7|13|16|22|9|11|4|24|18|25|17|23|5|6|21|20|26|12|19,,,,,,,,,,,,,,,,,,,,,,,,,,,,,,,,,,,,,,,,,,,,,,,,,,,,,,,,,,,,,,,,,,,,,,,,,,,,,,,,,These people are probably fake and dishonest.  I wouldn't trust anything they say.,39,1,,1,,,corporate_bullshitter
12/8/22 12:04,12/8/22 12:15,0,70.172.187.42,100,655,1,12/8/22 12:15,R_sznBC8sKaNaeebf,,,,,41.519,-71.162,anonymous,EN,1,4,3,8,9,9,3,10,6,6,9,7,5,10,6,3,8,4,2,7,3,2,5,6,5,3,1,9|13|3|22|5|20|18|17|24|8|23|12|7|15|26|6|19|1|4|14|16|25|11|21|10|2,,,,,,,,,,,,,,,,,,,,,,,,,,,,,,,,,,,,,,,,,,,,,,,,,,,,,,,,,,,,,,,,,,,,,,,,,,,,,,,,,"I think people that speak corporate bullshit know what they are doing. They are not the brightest, but they think they are smarter than everyone else. And they can fool everyone with that bullshit. But they really aren't. They are just wasting time and energy that could be better used more effectively in different ways.",55,1,,6,,,corporate_bullshitter
12/8/22 12:12,12/8/22 12:15,0,174.103.172.120,100,158,1,12/8/22 12:15,R_3HvFB6Bmx0O4QuF,,,,,43.0818,-87.892,anonymous,EN,1,,,,,,,,,,,,,,,,,,,,,,,,,,,,1,1,2,2,1,1,2,1,1,1,1,1,3,1,1,1,1,1,1,1,1,1,1,1,3,1,15|16|25|3|18|21|14|13|4|6|17|23|22|8|11|20|26|19|1|12|5|10|2|9|7|24,,,,,,,,,,,,,,,,,,,,,,,,,,,,,,,,,,,,,,,,,,,,,,,,,,,,,,"I assume their just doofuses that don't think things through thoroughly. I'd argue much of the social ""sciences"" (including this study itself) is constructed on a foundation of BS. ",32,1,,6,,,social_bullshitter
12/8/22 12:11,12/8/22 12:15,0,70.231.69.192,100,221,1,12/8/22 12:15,R_vw66vPwhzBkL08F,,,,,38.6976,-90.3604,anonymous,EN,1,,,,,,,,,,,,,,,,,,,,,,,,,,,,,,,,,,,,,,,,,,,,,,,,,,,,,,,2,6,9,10,7,8,7,6,6,6,6,3,2,7,6,9,6,6,9,3,4,6,6,8,2,6,,,,,,,,,,,,,,,,,,,,,,,,,,,,"I thought a person with this personality would be energetic, but very selfish and egocentric. They would be good at manipulating others and communicates well, since they try to convince others a lot.",28,1,,2,,,corporate_bullshittee
12/8/22 12:13,12/8/22 12:15,0,73.218.231.199,100,111,1,12/8/22 12:15,R_3nAiyXoAkcYk2Gl,,,,,43.011,-71.4571,anonymous,EN,1,,,,,,,,,,,,,,,,,,,,,,,,,,,,,,,,,,,,,,,,,,,,,,,,,,,,,,,2,1,8,10,10,11,11,11,10,10,6,3,2,6,4,7,2,1,1,1,1,7,8,1,1,1,,,,,,,,,,,,,,,,,,,,,,,,,,,,I am personally dealing with a narcissist and I can't stand them and their lies,35,2,,6,,,corporate_bullshittee
12/8/22 12:12,12/8/22 12:15,0,24.8.194.137,100,209,1,12/8/22 12:15,R_2P5aW3TWnmAMO6m,,,,,39.6219,-105.0864,anonymous,EN,1,,,,,,,,,,,,,,,,,,,,,,,,,,,,,,,,,,,,,,,,,,,,,,,,,,,,,,,,,,,,,,,,,,,,,,,,,,,,,,,,,4,6,3,5,4,3,5,6,6,4,5,8,10,4,3,7,8,5,5,2,2,3,4,5,9,7,10|24|8|7|14|26|18|22|5|4|12|15|19|17|1|13|21|20|16|2|11|3|9|25|23|6,"If someone believes a lot of nonsense or whatever people tell them, they're not especially smart. Probably naive or innocent, maybe they don't tell the truth a lot themselves. ",40,2,,6,,,social_bullshittee
12/8/22 12:12,12/8/22 12:15,0,192.203.201.3,100,229,1,12/8/22 12:15,R_2waZBvPgpelM82m,,,,,44.9676,-93.1992,anonymous,EN,1,,,,,,,,,,,,,,,,,,,,,,,,,,,,2,2,5,11,8,8,9,10,6,2,3,6,8,3,2,6,6,3,2,3,1,3,2,3,8,2,18|8|6|25|17|1|4|5|20|22|11|12|9|15|2|24|21|10|19|23|26|16|7|13|14|3,,,,,,,,,,,,,,,,,,,,,,,,,,,,,,,,,,,,,,,,,,,,,,,,,,,,,,"I thought about the person who would make these statements, and how they'd likely be in person.  I felt like they were insincere and just trying to get attention, so I made my judgments based on those characteristics. ",61,1,,6,,,social_bullshitter
12/8/22 12:15,12/8/22 12:16,0,72.214.87.29,100,75,1,12/8/22 12:16,R_3PnIzxdlkJCvgkd,,,,,36.8558,-76.0042,anonymous,EN,1,7,6,5,7,4,6,8,6,5,6,6,7,6,7,8,4,8,6,8,7,6,6,6,6,5,8,4|15|19|10|17|16|6|8|22|23|2|21|7|11|3|18|12|1|25|26|20|9|14|24|13|5,,,,,,,,,,,,,,,,,,,,,,,,,,,,,,,,,,,,,,,,,,,,,,,,,,,,,,,,,,,,,,,,,,,,,,,,,,,,,,,,,I just guessed,31,3,,6,,,corporate_bullshitter
12/8/22 12:11,12/8/22 12:16,0,172.9.229.156,100,298,1,12/8/22 12:16,R_xmdBIrY4RPUMt0J,,,,,42.1124,-87.979,anonymous,EN,1,4,3,7,11,9,8,10,8,8,9,7,4,9,7,3,8,5,7,7,7,6,7,6,6,8,3,26|7|11|23|5|6|14|1|20|25|22|2|19|24|17|12|15|8|10|16|4|18|21|9|13|3,,,,,,,,,,,,,,,,,,,,,,,,,,,,,,,,,,,,,,,,,,,,,,,,,,,,,,,,,,,,,,,,,,,,,,,,,,,,,,,,,"I think a person who uses those phrases is trying to manipulate other people to get what they want, with low honesty and integrity.",61,1,,6,,,corporate_bullshitter
12/8/22 12:09,12/8/22 12:17,0,71.77.157.207,100,473,1,12/8/22 12:17,R_2eVAUjTtRwHnhlW,,,,,35.1873,-79.473,anonymous,EN,1,,,,,,,,,,,,,,,,,,,,,,,,,,,,,,,,,,,,,,,,,,,,,,,,,,,,,,,,,,,,,,,,,,,,,,,,,,,,,,,,,1,5,1,6,1,1,1,1,1,1,1,1,11,1,1,7,6,1,1,1,1,1,1,1,11,1,21|26|4|3|19|20|2|12|10|15|1|11|24|13|5|18|7|23|17|6|25|14|9|8|16|22,"Anyone who believes that nonsense has to be rather sheep-like and unintelligent. Listen to facts, not rubbish thrown together by some idiot.",61,2,,6,,,social_bullshittee
12/8/22 12:13,12/8/22 12:17,0,73.63.63.33,100,229,1,12/8/22 12:17,R_241qyQwVgggpiDA,,,,,41.7468,-111.8268,anonymous,EN,1,,,,,,,,,,,,,,,,,,,,,,,,,,,,,,,,,,,,,,,,,,,,,,,,,,,,,,,9,9,4,3,5,2,3,9,9,5,6,8,11,7,6,8,8,5,8,8,8,9,9,7,11,6,,,,,,,,,,,,,,,,,,,,,,,,,,,,I think they would be a person that wants to believe the best in everyone and is kind,17,2,,6,,,corporate_bullshittee
12/8/22 12:15,12/8/22 12:17,0,67.43.209.18,100,156,1,12/8/22 12:17,R_1eJjQCjEqEVv3wS,,,,,41.4247,-105.4781,anonymous,EN,1,,,,,,,,,,,,,,,,,,,,,,,,,,,,2,1,7,9,2,6,9,2,2,6,2,2,8,1,1,2,2,2,1,2,1,2,1,2,8,1,20|2|24|16|15|13|23|11|4|25|21|19|26|17|5|6|9|10|8|7|1|12|22|14|18|3,,,,,,,,,,,,,,,,,,,,,,,,,,,,,,,,,,,,,,,,,,,,,,,,,,,,,,"BS is just how the ""woke"" crowd tries to gets its nonsense across to the average citizen",29,2,,6,,,social_bullshitter
12/8/22 12:16,12/8/22 12:19,0,174.74.40.229,100,135,1,12/8/22 12:19,R_p6thx7U5TqN29qh,,,,,41.2327,-96.1138,anonymous,EN,1,,,,,,,,,,,,,,,,,,,,,,,,,,,,,,,,,,,,,,,,,,,,,,,,,,,,,,,5,4,8,8,8,7,7,5,5,3,2,3,11,5,4,4,5,2,4,3,2,2,3,2,11,5,,,,,,,,,,,,,,,,,,,,,,,,,,,,Sometimes people believe things they want to hear,35,2,,6,,,corporate_bullshittee
12/8/22 12:11,12/8/22 12:19,0,162.195.227.100,100,465,1,12/8/22 12:19,R_1o0gtGacMF3p3iV,,,,,37.6772,-97.1583,anonymous,EN,1,,,,,,,,,,,,,,,,,,,,,,,,,,,,,,,,,,,,,,,,,,,,,,,,,,,,,,,1,1,4,11,9,6,6,11,7,10,5,1,11,4,1,8,3,5,2,1,1,4,4,3,11,1,,,,,,,,,,,,,,,,,,,,,,,,,,,,I imagined the younger successful brother from the movie step brothers who was a successful corporate business man and assumed he was the type of person to believe in corporate bullshit. I then based my answers off of his personality and mannerisms. I also imagined someone who worked in an office and went along with what everyone said very stereotypically and imagined what their personality would be like. I based my answers off of this as well.,25,2,,6,,,corporate_bullshittee
12/8/22 11:58,12/8/22 12:19,0,76.176.53.147,100,1293,1,12/8/22 12:19,R_1GJJ3DPau1FBHih,,,,,33.0287,-117.0846,anonymous,EN,1,,,,,,,,,,,,,,,,,,,,,,,,,,,,2,2,10,10,10,10,10,6,8,6,2,2,7,2,3,2,3,3,3,1,2,3,5,4,8,2,16|13|8|26|17|12|25|11|14|21|24|9|7|15|4|5|3|19|10|18|23|6|20|1|22|2,,,,,,,,,,,,,,,,,,,,,,,,,,,,,,,,,,,,,,,,,,,,,,,,,,,,,,I think this type of person is a narcissist.,42,2,,2,,,social_bullshitter
12/8/22 12:14,12/8/22 12:19,0,206.123.141.185,100,341,1,12/8/22 12:19,R_3HtVYoNfYrBSXXs,,,,,37.7809,-122.4245,anonymous,EN,1,,,,,,,,,,,,,,,,,,,,,,,,,,,,,,,,,,,,,,,,,,,,,,,,,,,,,,,,,,,,,,,,,,,,,,,,,,,,,,,,,4,1,1,10,1,4,1,6,3,1,3,1,8,3,1,1,6,3,1,1,1,1,1,3,8,2,1|25|7|4|8|18|6|26|24|3|20|2|17|10|12|13|14|11|22|16|5|19|15|9|21|23,I thought the statements were a little cheesy.,38,2,,6,,,social_bullshittee
12/8/22 12:18,12/8/22 12:20,0,71.105.214.79,100,84,1,12/8/22 12:20,R_3mer3WIkrDJPiR5,,,,,40.8596,-73.9316,anonymous,EN,1,,,,,,,,,,,,,,,,,,,,,,,,,,,,,,,,,,,,,,,,,,,,,,,,,,,,,,,,,,,,,,,,,,,,,,,,,,,,,,,,,2,3,4,8,5,7,6,6,6,6,2,6,6,1,1,8,7,1,7,6,2,6,3,5,3,3,2|26|5|4|11|23|10|15|18|14|20|24|9|3|1|13|12|19|17|22|16|7|25|8|6|21,i checked on the impact of a statement and how an audience would react,38,2,,1,,,social_bullshittee
12/8/22 12:17,12/8/22 12:20,0,98.38.227.41,100,233,1,12/8/22 12:20,R_2P0WQYVXDBRZl0W,,,,,39.6527,-105.0414,anonymous,EN,1,,,,,,,,,,,,,,,,,,,,,,,,,,,,5,3,3,8,2,2,7,8,8,6,5,8,8,8,5,7,7,6,5,4,5,5,4,6,8,3,22|5|26|2|23|20|8|1|6|17|15|11|18|3|25|12|19|16|13|4|14|24|21|9|10|7,,,,,,,,,,,,,,,,,,,,,,,,,,,,,,,,,,,,,,,,,,,,,,,,,,,,,,"I was trying to think of the motive of such a person, I don't think they are necessarily a bad person but someone who wants to get attention and impress.",64,2,,6,,,social_bullshitter
12/8/22 12:17,12/8/22 12:22,0,98.167.7.216,100,259,1,12/8/22 12:22,R_3n8IbbBZ4xgiXiI,,,,,36.122,-115.086,anonymous,EN,1,2,6,3,8,6,6,9,8,8,9,8,6,8,9,7,8,7,8,8,8,9,9,9,9,4,3,19|21|1|6|17|9|16|10|23|3|7|5|12|15|25|13|26|11|24|8|2|18|14|22|4|20,,,,,,,,,,,,,,,,,,,,,,,,,,,,,,,,,,,,,,,,,,,,,,,,,,,,,,,,,,,,,,,,,,,,,,,,,,,,,,,,,By the amount possible effectiveness the statements made.,50,1,,6,,,corporate_bullshitter
12/8/22 11:59,12/8/22 12:22,0,216.221.7.103,100,1358,1,12/8/22 12:22,R_3OiChHxezetLxt7,,,,,40.5076,-78.3925,anonymous,EN,1,,,,,,,,,,,,,,,,,,,,,,,,,,,,,,,,,,,,,,,,,,,,,,,,,,,,,,,,,,,,,,,,,,,,,,,,,,,,,,,,,2,1,1,1,1,1,1,1,1,1,1,4,11,1,1,2,6,1,1,1,1,1,1,1,11,4,8|16|7|20|1|11|22|25|3|17|5|2|12|14|9|24|10|21|6|15|13|19|26|18|23|4,"I derived at my answers based upon the descriptives, knowing that it pretty much described everything that this person was not. As it take a true fool to get caught up in a BS'ers  web of lies. ",53,2,,8,,Amer-Caribbean  ,social_bullshittee
12/8/22 12:06,12/8/22 12:22,0,73.113.14.119,100,1000,1,12/8/22 12:22,R_1ietqf7L3XFQl5Y,,,,,36.9765,-82.5943,anonymous,EN,1,,,,,,,,,,,,,,,,,,,,,,,,,,,,3,3,10,10,10,5,10,11,10,9,9,5,1,8,7,9,7,6,6,5,8,11,11,6,4,5,5|1|3|22|7|15|23|21|19|10|26|16|17|8|18|9|24|4|11|2|13|6|25|12|20|14,,,,,,,,,,,,,,,,,,,,,,,,,,,,,,,,,,,,,,,,,,,,,,,,,,,,,,bullshitters are smart enough to know how to bullshit,27,2,,6,,,social_bullshitter
12/8/22 12:22,12/8/22 12:25,0,75.189.80.100,100,169,1,12/8/22 12:25,R_2CWARKhnM9KKCZK,,,,,33.7196,-78.9754,anonymous,EN,1,,,,,,,,,,,,,,,,,,,,,,,,,,,,1,1,1,1,1,1,1,1,1,1,1,1,1,1,1,1,1,1,1,1,1,1,1,1,1,1,21|7|15|3|6|25|9|23|12|2|5|4|19|10|24|26|8|18|11|22|14|13|16|17|1|20,,,,,,,,,,,,,,,,,,,,,,,,,,,,,,,,,,,,,,,,,,,,,,,,,,,,,,i found nothing interesting or profound or anything else about the two statements,62,2,,6,,,social_bullshitter
12/8/22 12:24,12/8/22 12:25,0,68.131.3.204,100,104,1,12/8/22 12:25,R_2wntW1hsGkvUfuN,,,,,37.045,-76.4067,anonymous,EN,1,,,,,,,,,,,,,,,,,,,,,,,,,,,,,,,,,,,,,,,,,,,,,,,,,,,,,,,5,3,6,7,6,5,8,4,7,9,7,3,5,7,6,10,8,5,8,9,6,7,8,4,5,7,,,,,,,,,,,,,,,,,,,,,,,,,,,,I felt like a person who had those beliefs would fit the answers I selected.,31,1,,6,,,corporate_bullshittee
12/8/22 12:11,12/8/22 12:25,0,99.25.96.104,100,852,1,12/8/22 12:25,R_3O8HlutPjUJn5x3,,,,,41.3704,-81.8587,anonymous,EN,1,4,4,5,8,6,2,5,8,6,7,5,3,2,6,5,5,5,6,5,5,6,7,5,6,2,3,11|12|18|10|23|21|13|3|16|26|25|17|4|9|24|19|22|5|15|7|2|14|1|6|20|8,,,,,,,,,,,,,,,,,,,,,,,,,,,,,,,,,,,,,,,,,,,,,,,,,,,,,,,,,,,,,,,,,,,,,,,,,,,,,,,,,I arrived at my answers by imagining how bullshitters behaved to cover up their mess,49,1,,1,,,corporate_bullshitter
12/8/22 12:22,12/8/22 12:25,0,24.9.164.208,100,215,1,12/8/22 12:25,R_31Zzw0hWQKd6mEX,,,,,39.6562,-104.7866,anonymous,EN,1,,,,,,,,,,,,,,,,,,,,,,,,,,,,,,,,,,,,,,,,,,,,,,,,,,,,,,,,,,,,,,,,,,,,,,,,,,,,,,,,,6,7,3,5,6,5,6,5,4,2,4,8,9,3,3,8,5,7,3,2,4,7,2,4,10,7,3|24|10|6|15|14|23|20|17|4|13|18|5|11|26|7|16|22|9|12|25|21|1|19|2|8,They are usually a bit too trusting but not necessarily a bad person.  Sure they can be naive and maybe no very intelligent but they can be friendly and warm.  They just need to see the bigger picture.,47,1,,6,,,social_bullshittee
12/8/22 12:21,12/8/22 12:25,0,99.23.146.214,100,261,1,12/8/22 12:25,R_2s1hebkXuHTuMCD,,,,,29.6138,-82.386,anonymous,EN,1,3,3,9,8,10,7,10,9,8,4,6,3,6,7,5,6,3,2,5,4,3,4,3,4,3,3,7|14|18|25|26|10|17|2|13|22|12|11|6|3|21|5|1|15|24|23|16|20|9|8|4|19,,,,,,,,,,,,,,,,,,,,,,,,,,,,,,,,,,,,,,,,,,,,,,,,,,,,,,,,,,,,,,,,,,,,,,,,,,,,,,,,,I assessed the traits of those who say those things. I thought about people I have encountered in the past who behaved in a similar way.,53,1,,6,,,corporate_bullshitter
12/8/22 12:11,12/8/22 12:26,0,216.106.158.67,100,882,1,12/8/22 12:26,R_3lKtBw8blIdarP0,,,,,35.2878,-93.1296,anonymous,EN,1,,,,,,,,,,,,,,,,,,,,,,,,,,,,,,,,,,,,,,,,,,,,,,,,,,,,,,,4,2,7,8,6,4,8,2,2,3,2,2,6,4,2,8,3,3,4,3,5,2,3,2,8,2,,,,,,,,,,,,,,,,,,,,,,,,,,,,To arrive at my responses i used my critical thinking skills and real world knowledge. I notice many of these statements are improper perceptions. They are not true statements in most regards,26,2,,2,,,corporate_bullshittee
12/8/22 12:19,12/8/22 12:27,0,185.230.126.3,100,483,1,12/8/22 12:27,R_1K2oz5hbjlJVarr,,,,,34.0544,-118.2441,anonymous,EN,1,,,,,,,,,,,,,,,,,,,,,,,,,,,,5,6,6,7,7,7,7,7,7,7,8,7,5,4,6,7,7,6,5,5,4,5,5,6,6,6,16|26|1|18|3|25|10|22|20|7|19|21|14|6|17|5|15|23|13|8|2|11|4|12|9|24,,,,,,,,,,,,,,,,,,,,,,,,,,,,,,,,,,,,,,,,,,,,,,,,,,,,,,I thought about the description of bull shitters ,37,2,,3,,,social_bullshitter
12/8/22 12:22,12/8/22 12:27,0,71.117.186.44,100,305,1,12/8/22 12:27,R_1ml4m0NjChNZBtu,,,,,41.874,-71.3844,anonymous,EN,1,,,,,,,,,,,,,,,,,,,,,,,,,,,,,,,,,,,,,,,,,,,,,,,,,,,,,,,4,3,4,11,11,9,11,11,11,11,1,1,11,6,4,10,2,6,8,8,2,11,11,11,11,1,,,,,,,,,,,,,,,,,,,,,,,,,,,,"People want to get ahead in the corporate world. They will be ""yes"" people to any line of BS. Also, they want to get ahead and will do anything to placate the powers that be. ",49,1,,6,,,corporate_bullshittee
12/8/22 12:25,12/8/22 12:27,0,76.14.50.164,100,140,1,12/8/22 12:27,R_2tr3E4YM8PAmgQH,,,,,37.9208,-122.0182,anonymous,EN,1,,,,,,,,,,,,,,,,,,,,,,,,,,,,1,1,1,9,9,1,3,6,4,9,4,3,2,3,1,6,3,1,1,1,1,6,2,4,7,1,7|9|23|2|14|1|21|25|4|10|5|26|8|12|18|15|20|11|17|24|13|3|19|22|16|6,,,,,,,,,,,,,,,,,,,,,,,,,,,,,,,,,,,,,,,,,,,,,,,,,,,,,,"I don't think they are bad, just going about things the wrong way -  not impressive at all. ",67,2,,6,,,social_bullshitter
12/8/22 12:25,12/8/22 12:27,0,174.198.199.62,100,150,1,12/8/22 12:27,R_9QuPZTvDtTzcrL3,,,,,39.8013,-75.0031,anonymous,EN,1,,,,,,,,,,,,,,,,,,,,,,,,,,,,,,,,,,,,,,,,,,,,,,,,,,,,,,,,,,,,,,,,,,,,,,,,,,,,,,,,,8,9,2,3,2,2,3,4,3,3,4,8,10,4,3,9,7,4,5,4,2,3,5,3,10,6,18|1|25|17|3|13|8|24|11|4|5|6|9|12|10|20|22|21|15|23|2|14|26|7|19|16,I imagine someone I know that it’s like the person described and tried to fit answers that related.,34,2,,6,,,social_bullshittee
12/8/22 12:25,12/8/22 12:28,0,71.61.87.155,100,158,1,12/8/22 12:28,R_XU5ia5GMvWsNgzf,,,,,40.0223,-79.0716,anonymous,EN,1,2,3,11,8,10,10,11,2,6,10,8,2,8,3,3,9,5,2,4,1,11,9,9,2,2,1,13|1|25|23|16|10|5|17|2|18|3|24|14|11|12|7|21|19|8|9|22|15|4|26|20|6,,,,,,,,,,,,,,,,,,,,,,,,,,,,,,,,,,,,,,,,,,,,,,,,,,,,,,,,,,,,,,,,,,,,,,,,,,,,,,,,,I feel like that personality is not trust worthy and will say anything.,23,2,,6,,,corporate_bullshitter
12/8/22 12:24,12/8/22 12:28,0,35.149.60.131,100,228,1,12/8/22 12:28,R_32OXVwfHLZPI0Uq,,,,,34.4702,-117.1881,anonymous,EN,1,4,7,7,7,9,7,8,4,6,6,4,6,6,7,5,8,7,8,7,6,8,4,7,7,7,5,3|15|1|24|25|8|18|7|26|23|14|5|20|9|6|2|13|21|22|16|10|12|11|4|17|19,,,,,,,,,,,,,,,,,,,,,,,,,,,,,,,,,,,,,,,,,,,,,,,,,,,,,,,,,,,,,,,,,,,,,,,,,,,,,,,,,thought about each one,33,1,,6,,,corporate_bullshitter
12/8/22 12:26,12/8/22 12:30,0,50.32.114.139,100,222,1,12/8/22 12:30,R_2BwDRpxHTMhipJW,,,,,41.2208,-75.7736,anonymous,EN,1,,,,,,,,,,,,,,,,,,,,,,,,,,,,,,,,,,,,,,,,,,,,,,,,,,,,,,,,,,,,,,,,,,,,,,,,,,,,,,,,,8,6,3,6,6,4,5,7,6,6,7,8,8,8,5,9,8,7,8,6,5,6,6,6,9,6,16|14|17|18|19|1|10|9|5|12|6|7|15|13|3|20|4|2|25|11|24|22|21|23|8|26,I thought about the definition and how I perceived them to be. I thought about the characteristics that were listed and how I felt the person embodied each.,46,2,,6,,,social_bullshittee
12/8/22 12:26,12/8/22 12:30,0,98.26.12.85,100,230,1,12/8/22 12:30,R_1Fu20eWstSGbxp2,,,,,35.7633,-78.71,anonymous,EN,1,,,,,,,,,,,,,,,,,,,,,,,,,,,,,,,,,,,,,,,,,,,,,,,,,,,,,,,4,6,3,5,1,1,1,6,6,4,5,6,11,3,3,6,6,2,4,7,8,6,6,6,11,3,,,,,,,,,,,,,,,,,,,,,,,,,,,,I feel like the person who would believe these statements must be young and ignorant as opposed to evil and cunning. They probably just don't know any better yet.,28,2,,2,,,corporate_bullshittee
12/8/22 12:25,12/8/22 12:30,0,35.133.200.163,100,321,1,12/8/22 12:30,R_yPxzGByJwzBFmkF,,,,,34.9689,-82.148,anonymous,EN,1,,,,,,,,,,,,,,,,,,,,,,,,,,,,,,,,,,,,,,,,,,,,,,,,,,,,,,,,,,,,,,,,,,,,,,,,,,,,,,,,,3,3,6,10,9,8,8,8,9,8,4,6,9,6,5,9,7,5,8,3,4,10,9,4,5,3,26|21|13|14|6|5|16|17|22|8|18|23|15|1|10|2|12|25|19|4|9|11|24|20|3|7,I thought of a couple of people I know who are kings of bullshit.  I tried to determine their general behaviors as they fit into your questions.,69,2,,6,,,social_bullshittee
12/8/22 12:29,12/8/22 12:30,0,108.12.238.97,100,83,1,12/8/22 12:30,R_1Lb7pkpW6Ezv4vY,,,,,41.874,-71.3844,anonymous,EN,1,,,,,,,,,,,,,,,,,,,,,,,,,,,,,,,,,,,,,,,,,,,,,,,,,,,,,,,7,4,5,5,6,7,5,7,6,4,4,3,4,4,3,5,4,4,4,4,3,4,5,3,4,3,,,,,,,,,,,,,,,,,,,,,,,,,,,,"I think you have to lack some empathy and morality to bullshit a lot. However, it can be an important part of being charismatic and powerful, as it helps you go with the flow.",34,1,,6,,,corporate_bullshittee
12/8/22 12:28,12/8/22 12:31,0,184.90.165.152,100,185,1,12/8/22 12:31,R_2OINzY9FdlQV5yh,,,,,28.5981,-81.3515,anonymous,EN,1,1,1,7,10,10,8,11,10,10,1,1,1,1,1,1,1,1,1,1,1,1,1,1,1,1,1,23|6|11|4|14|9|12|18|22|16|21|5|13|26|15|10|25|7|3|19|17|1|24|20|2|8,,,,,,,,,,,,,,,,,,,,,,,,,,,,,,,,,,,,,,,,,,,,,,,,,,,,,,,,,,,,,,,,,,,,,,,,,,,,,,,,,bullshitters are just assholes who try to manipulate others while not actually knowing anything.  It's frustrating and annoying and I just want to slap them.,38,1,,6,,,corporate_bullshitter
12/8/22 12:27,12/8/22 12:33,0,63.209.51.162,100,321,1,12/8/22 12:33,R_wKUdWm5l9FBA7rb,,,,,33.0512,-97.0048,anonymous,EN,1,,,,,,,,,,,,,,,,,,,,,,,,,,,,2,1,11,10,9,10,10,7,7,10,2,3,9,3,3,1,1,3,8,2,1,8,4,4,10,2,23|13|25|26|1|2|7|4|21|14|11|16|24|9|22|17|8|15|20|3|18|6|10|12|19|5,,,,,,,,,,,,,,,,,,,,,,,,,,,,,,,,,,,,,,,,,,,,,,,,,,,,,,"Well, the goal for these people is to just spread misinformation and they know they are. At some point, they spread so much BS that they start believing it and will become even more motivated to spread it so I think they are awful people who will stop at nothing to spread social BS. ",31,1,,1,,,social_bullshitter
12/8/22 12:07,12/8/22 12:35,0,73.153.11.26,100,1733,1,12/8/22 12:35,R_31XamsjU7iRu6JQ,,,,,39.8294,-104.9095,anonymous,EN,1,,,,,,,,,,,,,,,,,,,,,,,,,,,,1,1,6,6,6,6,6,6,1,6,1,1,6,1,1,1,1,1,1,1,1,1,1,1,6,2,11|9|24|12|14|1|15|4|8|26|20|10|13|6|22|25|7|18|16|19|5|23|17|2|3|21,,,,,,,,,,,,,,,,,,,,,,,,,,,,,,,,,,,,,,,,,,,,,,,,,,,,,,I LOOKED AT THE DESCRIPTION OF BULLSHITTERS GIVEN AND THEN ANSWRED HOW I FELT ABOUT EACH ITEM I ANSWERED,54,2,,6,,,social_bullshitter
12/8/22 12:30,12/8/22 12:36,0,104.231.17.74,100,354,1,12/8/22 12:36,R_vNqqRInPUprXPmF,,,,,39.7946,-84.32,anonymous,EN,1,,,,,,,,,,,,,,,,,,,,,,,,,,,,,,,,,,,,,,,,,,,,,,,,,,,,,,,,,,,,,,,,,,,,,,,,,,,,,,,,,1,1,6,7,3,3,4,1,1,4,1,1,9,2,1,1,1,1,1,1,1,9,1,1,9,1,21|7|20|18|12|6|24|17|3|16|15|25|13|4|5|8|9|2|11|1|26|22|19|10|14|23,I chose intuitively based off of what I read.,34,2,,6,,,social_bullshittee
12/8/22 12:30,12/8/22 12:36,0,172.58.67.44,100,387,1,12/8/22 12:36,R_25BdHAqBKmmCXvj,,,,,32.7797,-96.8022,anonymous,EN,1,1,1,8,11,11,9,11,11,11,8,6,1,6,4,1,6,2,1,1,1,1,1,1,1,2,1,8|1|18|7|14|16|13|15|2|9|10|6|5|24|12|20|3|25|22|4|17|21|23|19|11|26,,,,,,,,,,,,,,,,,,,,,,,,,,,,,,,,,,,,,,,,,,,,,,,,,,,,,,,,,,,,,,,,,,,,,,,,,,,,,,,,,"People who spout this absolute trash are either so stupid they don't understand it's stupid (Dunning-Kruger, anyone?) or they KNOW it's ridiculous but are perfectly willing to go along with it to get promotions, raises, and general acclaim. In other words, no matter which is the case, this person is a net drain on society at large and probably insufferable for the people directly in contact with them. ",45,1,,6,,,corporate_bullshitter
12/8/22 12:33,12/8/22 12:36,0,98.196.175.0,100,204,1,12/8/22 12:36,R_10OcFIZgsmNZzfO,,,,,29.8627,-95.5846,anonymous,EN,1,,,,,,,,,,,,,,,,,,,,,,,,,,,,4,4,7,7,7,8,7,8,5,7,7,4,6,4,4,8,4,5,4,4,7,6,5,5,6,4,19|13|12|4|5|11|25|9|17|15|7|20|1|2|18|14|3|22|10|21|16|26|8|6|24|23,,,,,,,,,,,,,,,,,,,,,,,,,,,,,,,,,,,,,,,,,,,,,,,,,,,,,,from some general knowledge about personality ,55,2,,1,,,social_bullshitter
12/8/22 12:35,12/8/22 12:37,0,76.232.16.97,100,118,1,12/8/22 12:37,R_2zdLtSYSbMBtCc7,,,,,41.9237,-87.814,anonymous,EN,1,2,2,6,9,6,8,11,9,11,8,6,2,4,6,1,4,4,6,9,1,3,8,8,5,1,1,18|23|13|1|11|17|6|19|22|21|20|25|26|14|4|7|10|8|16|2|15|3|24|12|9|5,,,,,,,,,,,,,,,,,,,,,,,,,,,,,,,,,,,,,,,,,,,,,,,,,,,,,,,,,,,,,,,,,,,,,,,,,,,,,,,,,I don't trust corporate bullshitters at all.,56,2,,6,,,corporate_bullshitter
12/8/22 12:35,12/8/22 12:38,0,76.152.66.32,100,178,1,12/8/22 12:38,R_BAntQ5DxSnpUPMB,,,,,41.3136,-72.9272,anonymous,EN,1,,,,,,,,,,,,,,,,,,,,,,,,,,,,,,,,,,,,,,,,,,,,,,,,,,,,,,,5,5,3,3,1,1,8,10,10,9,9,3,1,9,6,5,5,6,9,8,8,8,8,6,1,1,,,,,,,,,,,,,,,,,,,,,,,,,,,,I arrived at my answers by just what I thought,43,2,,6,,,corporate_bullshittee
12/8/22 12:35,12/8/22 12:38,0,68.106.250.180,100,179,1,12/8/22 12:38,R_1OOKq7M4g9P8Wp2,,,,,33.3874,-112.0998,anonymous,EN,1,,,,,,,,,,,,,,,,,,,,,,,,,,,,,,,,,,,,,,,,,,,,,,,,,,,,,,,,,,,,,,,,,,,,,,,,,,,,,,,,,2,1,10,10,9,9,10,10,10,10,9,3,2,9,7,9,6,9,9,10,9,9,9,9,6,3,10|11|14|26|6|7|23|1|21|25|12|20|13|15|4|9|3|2|5|22|8|19|24|18|16|17,I imagined a politician and what traits they have.,37,1,,2,,,social_bullshittee
12/8/22 12:35,12/8/22 12:38,0,166.196.114.16,100,178,1,12/8/22 12:38,R_1FzAcYdiH9rz5uM,,,,,38.5774,-90.6709,anonymous,EN,1,,,,,,,,,,,,,,,,,,,,,,,,,,,,,,,,,,,,,,,,,,,,,,,,,,,,,,,2,2,6,5,7,7,5,5,4,5,1,4,2,2,2,3,5,5,4,3,3,4,4,3,3,7,,,,,,,,,,,,,,,,,,,,,,,,,,,,"Just based on how i my gut feeling about how his corporate ""bull"" statement related to his character.",31,1,,6,,,corporate_bullshittee
12/8/22 12:36,12/8/22 12:38,0,184.97.150.15,100,136,1,12/8/22 12:38,R_udN8uvaiMVERWEN,,,,,41.2327,-96.1138,anonymous,EN,1,,,,,,,,,,,,,,,,,,,,,,,,,,,,2,3,6,9,7,6,8,9,8,6,6,6,6,6,4,10,6,6,4,4,1,6,3,5,6,6,9|24|13|5|10|25|19|8|21|1|12|18|15|20|23|4|26|11|7|17|22|3|14|2|16|6,,,,,,,,,,,,,,,,,,,,,,,,,,,,,,,,,,,,,,,,,,,,,,,,,,,,,,tried to picture such a person in my mind,51,1,,3,,,social_bullshitter
12/8/22 12:35,12/8/22 12:39,0,73.8.228.210,100,235,1,12/8/22 12:39,R_2ONnPckCFQMJX08,,,,,41.8033,-87.9283,anonymous,EN,1,,,,,,,,,,,,,,,,,,,,,,,,,,,,,,,,,,,,,,,,,,,,,,,,,,,,,,,,,,,,,,,,,,,,,,,,,,,,,,,,,3,5,2,8,3,5,3,7,8,7,3,7,8,3,2,8,7,3,5,3,3,2,2,2,8,4,11|21|17|1|3|15|5|26|16|22|10|25|2|20|24|7|6|14|8|18|4|9|13|23|12|19,"I don't trust those people, but I think they believe what they are saying.",39,2,,6,,,social_bullshittee
12/8/22 12:35,12/8/22 12:39,0,67.77.218.157,100,281,1,12/8/22 12:39,R_1MSSOFUj4WrCblF,,,,,35.2066,-77.6582,anonymous,EN,1,,,,,,,,,,,,,,,,,,,,,,,,,,,,5,4,6,7,7,7,7,3,4,8,4,3,7,5,3,5,2,3,6,2,4,5,6,3,8,3,11|25|7|16|12|6|2|10|19|21|8|22|3|23|20|9|18|15|17|26|13|1|5|14|4|24,,,,,,,,,,,,,,,,,,,,,,,,,,,,,,,,,,,,,,,,,,,,,,,,,,,,,,I considered how one can just rattle off words but not really look at the facts.  This kind of talk serves no purpose and only shows how naive they are.,63,2,,6,,,social_bullshitter
12/8/22 12:36,12/8/22 12:40,0,65.35.0.48,100,223,1,12/8/22 12:40,R_2s0b4vkE6cxeiOe,,,,,28.87,-82.3468,anonymous,EN,1,2,2,6,10,9,9,10,6,6,6,2,3,6,3,2,3,3,2,2,2,2,2,2,2,8,6,24|19|14|12|10|2|13|15|25|4|5|26|7|17|11|1|20|22|8|3|16|23|18|9|6|21,,,,,,,,,,,,,,,,,,,,,,,,,,,,,,,,,,,,,,,,,,,,,,,,,,,,,,,,,,,,,,,,,,,,,,,,,,,,,,,,,I used my experiences with people who try to talk in this manor.,56,1,,6,,,corporate_bullshitter
12/8/22 12:38,12/8/22 12:40,0,136.228.217.46,100,122,1,12/8/22 12:40,R_2rTni7TayXPdZhN,,,,,42.0048,-87.9954,anonymous,EN,1,,,,,,,,,,,,,,,,,,,,,,,,,,,,,,,,,,,,,,,,,,,,,,,,,,,,,,,4,3,3,7,6,4,3,7,7,6,5,4,7,5,6,5,6,5,5,5,4,3,3,4,6,4,,,,,,,,,,,,,,,,,,,,,,,,,,,,Someone who believes such things probably uses these statements in their career to get ahead. They are probably also somewhat gullible.,44,1,,6,,,corporate_bullshittee
12/8/22 12:36,12/8/22 12:41,0,97.95.51.4,100,283,1,12/8/22 12:41,R_w4AvFHZikkXQoDv,,,,,43.765,-88.6057,anonymous,EN,1,5,2,4,11,10,8,10,8,9,10,7,6,9,6,4,8,9,6,7,3,5,8,8,3,8,2,8|16|17|3|10|19|7|13|23|25|18|5|26|4|24|14|22|21|11|6|2|20|1|9|12|15,,,,,,,,,,,,,,,,,,,,,,,,,,,,,,,,,,,,,,,,,,,,,,,,,,,,,,,,,,,,,,,,,,,,,,,,,,,,,,,,,People who BS a lot are always trying to make it seem they are important. They say things to try and make you believe they are doing something great. Inflate their own egos. So they are quite selfish and self important.,70,1,,6,,,corporate_bullshitter
12/8/22 12:39,12/8/22 12:42,0,70.18.11.212,100,201,1,12/8/22 12:42,R_2w4csfR1iiYup6u,,,,,40.6368,-74.0005,anonymous,EN,1,4,3,7,9,8,10,9,10,8,9,10,3,2,10,9,3,4,3,7,5,8,8,8,5,2,8,16|1|26|2|10|13|6|17|11|4|24|21|7|18|9|20|3|12|22|25|14|5|8|23|15|19,,,,,,,,,,,,,,,,,,,,,,,,,,,,,,,,,,,,,,,,,,,,,,,,,,,,,,,,,,,,,,,,,,,,,,,,,,,,,,,,,"I arrived at my answer using personal experience of people that would actually say such things. For example, when I invest I would listen to conference calls and other performance related items. ",40,1,,1,,,corporate_bullshitter
12/8/22 12:38,12/8/22 12:43,0,75.128.82.78,100,281,1,12/8/22 12:43,R_DUW3feZ9YeBhM53,,,,,41.9281,-83.445,anonymous,EN,1,,,,,,,,,,,,,,,,,,,,,,,,,,,,,,,,,,,,,,,,,,,,,,,,,,,,,,,,,,,,,,,,,,,,,,,,,,,,,,,,,2,2,9,8,6,8,10,6,6,7,3,5,8,5,2,7,7,5,4,5,3,4,4,5,5,6,21|19|9|15|16|8|13|20|10|12|23|7|22|24|4|1|17|14|26|3|25|11|2|18|5|6,"I looked at each word and decided how much that applied to the group.  Although they wanted to sound smart, they weren't, but it did seem they wanted to be socialable.",59,2,,6,,,social_bullshittee
12/8/22 12:41,12/8/22 12:44,0,73.205.153.145,100,164,1,12/8/22 12:44,R_7PuHL4t3XWcV8L7,,,,,27.2366,-80.2271,anonymous,EN,1,,,,,,,,,,,,,,,,,,,,,,,,,,,,,,,,,,,,,,,,,,,,,,,,,,,,,,,6,6,5,6,4,4,6,7,7,4,6,5,8,5,5,8,7,6,7,6,4,7,6,5,8,5,,,,,,,,,,,,,,,,,,,,,,,,,,,,"I imagine someone like that would probably be kind of dim, but also somewhat successful and popular",43,2,,6,,,corporate_bullshittee
12/8/22 12:43,12/8/22 12:46,0,71.199.248.207,100,176,1,12/8/22 12:46,R_27juU7bBlENsMEd,,,,,30.3668,-81.5873,anonymous,EN,1,,,,,,,,,,,,,,,,,,,,,,,,,,,,4,3,3,11,8,2,8,10,10,8,4,7,4,6,6,10,9,7,5,4,2,6,6,5,2,2,8|12|20|16|11|24|19|22|7|17|5|1|21|6|13|14|10|2|18|15|9|23|26|4|3|25,,,,,,,,,,,,,,,,,,,,,,,,,,,,,,,,,,,,,,,,,,,,,,,,,,,,,,I went with my gut feelings. I also tried to think of people I know to see how appropriate the descriptors were.,58,2,,6,,,social_bullshitter
12/8/22 12:41,12/8/22 12:47,0,174.63.107.66,100,334,1,12/8/22 12:47,R_DVlKVzp9i9VAQut,,,,,39.6973,-104.8394,anonymous,EN,1,,,,,,,,,,,,,,,,,,,,,,,,,,,,,,,,,,,,,,,,,,,,,,,,,,,,,,,,,,,,,,,,,,,,,,,,,,,,,,,,,3,3,4,8,6,5,9,7,6,6,3,6,9,3,6,7,6,6,7,7,6,8,8,6,8,8,15|21|3|18|10|26|16|24|19|4|14|5|1|25|9|12|2|20|7|23|11|17|6|8|22|13,I would envision such bullshittees as people who talk big but have very little substance to back up their claims. They are kind of like politicians,35,1,,1,,,social_bullshittee
12/8/22 12:44,12/8/22 12:47,0,172.56.120.8,100,160,1,12/8/22 12:47,R_3EGu2UrNPZbpLOl,,,,,34.2278,-118.442,anonymous,EN,1,,,,,,,,,,,,,,,,,,,,,,,,,,,,,,,,,,,,,,,,,,,,,,,,,,,,,,,3,6,3,5,4,2,3,6,6,1,2,8,11,5,4,7,8,4,3,3,2,2,2,3,10,6,,,,,,,,,,,,,,,,,,,,,,,,,,,,I don't think they're malicious or dishonest but you can't trust someone to tell the truth if they can't identify it. They're generally nice people but I don't perceive them as competent or effective,33,1,,6,,,corporate_bullshittee
12/8/22 12:45,12/8/22 12:48,0,174.208.37.248,100,183,1,12/8/22 12:48,R_24d4DozItRRfpKi,,,,,42.8444,-78.8149,anonymous,EN,1,,,,,,,,,,,,,,,,,,,,,,,,,,,,,,,,,,,,,,,,,,,,,,,,,,,,,,,,,,,,,,,,,,,,,,,,,,,,,,,,,7,10,7,7,7,8,8,7,8,4,10,11,4,8,8,11,8,9,10,7,11,10,6,9,4,1,4|23|6|25|18|5|12|3|2|9|16|1|15|13|22|17|21|14|20|11|7|26|10|24|8|19,I thought how it seemed believed. It was like a real honest story. ,28,1,,6,,,social_bullshittee
12/8/22 12:45,12/8/22 12:48,0,76.149.140.107,100,184,1,12/8/22 12:48,R_2qdWijez22Kdkm5,,,,,40.8792,-111.8686,anonymous,EN,1,,,,,,,,,,,,,,,,,,,,,,,,,,,,2,2,8,8,8,2,8,8,9,9,8,3,4,8,3,3,4,2,8,3,3,8,4,2,8,3,11|8|25|13|20|21|2|10|18|23|16|26|5|7|15|24|12|4|19|14|3|22|17|9|1|6,,,,,,,,,,,,,,,,,,,,,,,,,,,,,,,,,,,,,,,,,,,,,,,,,,,,,,I fell that people that bullshit often are not trustworthy and just like to lie.,35,2,,6,,,social_bullshitter
12/8/22 12:38,12/8/22 12:49,0,71.47.73.185,100,704,1,12/8/22 12:49,R_2WuO4UfM9mjwXb6,,,,,28.3299,-81.3559,anonymous,EN,1,,,,,,,,,,,,,,,,,,,,,,,,,,,,3,3,5,7,7,3,6,8,7,9,8,6,6,9,3,9,8,6,10,10,6,10,9,10,6,6,14|12|26|2|5|16|8|1|10|23|25|7|18|22|9|3|19|6|24|21|4|17|13|20|11|15,,,,,,,,,,,,,,,,,,,,,,,,,,,,,,,,,,,,,,,,,,,,,,,,,,,,,,Bullshitters are able to capitate their audience and to do they they aren't dumb. ,32,2,,2,,,social_bullshitter
12/8/22 12:49,12/8/22 12:52,0,204.111.133.194,100,215,1,12/8/22 12:52,R_UgzMBj5IGPR1CXT,,,,,37.2849,-80.0701,anonymous,EN,1,1,1,7,10,1,7,7,6,7,1,2,1,1,3,3,2,1,1,1,1,1,1,1,1,6,1,24|25|14|12|22|2|1|18|21|10|8|16|13|3|11|19|7|6|17|26|5|20|23|4|9|15,,,,,,,,,,,,,,,,,,,,,,,,,,,,,,,,,,,,,,,,,,,,,,,,,,,,,,,,,,,,,,,,,,,,,,,,,,,,,,,,,speaking that way is meant to intimidate people and get them on your side,30,1,,6,,,corporate_bullshitter
12/8/22 12:49,12/8/22 12:53,0,76.142.146.245,100,283,1,12/8/22 12:53,R_2WCLJAflLwUriWo,,,,,29.5277,-95.4573,anonymous,EN,1,,,,,,,,,,,,,,,,,,,,,,,,,,,,6,8,3,5,3,3,4,5,7,6,7,7,4,4,4,4,8,6,2,3,6,4,9,6,3,2,14|12|24|20|6|4|13|2|10|18|5|8|19|1|23|21|11|25|22|17|9|3|16|26|7|15,,,,,,,,,,,,,,,,,,,,,,,,,,,,,,,,,,,,,,,,,,,,,,,,,,,,,,I used to be one of these people in school.,28,1,,6,,,social_bullshitter
12/8/22 12:49,12/8/22 12:56,0,174.68.185.174,100,384,1,12/8/22 12:56,R_2OPj2LT2kmunHYr,,,,,36.1213,-115.1406,anonymous,EN,1,,,,,,,,,,,,,,,,,,,,,,,,,,,,,,,,,,,,,,,,,,,,,,,,,,,,,,,,,,,,,,,,,,,,,,,,,,,,,,,,,1,1,6,11,9,11,10,11,10,6,6,1,6,9,1,9,6,6,10,9,2,10,6,10,9,10,7|14|6|3|4|18|15|20|13|25|12|5|16|10|21|23|17|22|19|1|9|26|8|11|2|24,"It's all symptomatic of a sociopathic society.  Both the giver and the receiver of such lies are inherently ""unwell"", this is the reason why it is so effective.  There is no real discernment.",57,1,,6,,,social_bullshittee
12/8/22 12:51,12/8/22 12:58,0,107.12.241.231,100,430,1,12/8/22 12:58,R_28UJAL5n1HbOiz2,,,,,34.8965,-76.8869,anonymous,EN,1,,,,,,,,,,,,,,,,,,,,,,,,,,,,,,,,,,,,,,,,,,,,,,,,,,,,,,,1,1,2,6,6,3,4,4,3,5,2,2,6,2,1,6,6,2,1,1,1,2,2,2,5,1,,,,,,,,,,,,,,,,,,,,,,,,,,,,"I didn't know the definition of some of the words. So, I looked up the ones I didn't know. And then, I just answered them based on what I really thought and felt.",31,2,,2,,,corporate_bullshittee
12/8/22 12:59,12/8/22 13:01,0,69.237.10.41,100,125,1,12/8/22 13:01,R_cGZUA24K2u7mLKx,,,,,28.3943,-81.3615,anonymous,EN,1,1,1,9,8,9,7,9,1,1,1,1,1,1,1,1,1,1,1,1,1,1,4,1,1,1,1,21|8|17|5|10|26|12|22|4|19|9|18|20|1|16|25|14|15|6|13|7|2|11|23|3|24,,,,,,,,,,,,,,,,,,,,,,,,,,,,,,,,,,,,,,,,,,,,,,,,,,,,,,,,,,,,,,,,,,,,,,,,,,,,,,,,,I think bullshitters are driven by greed.  I think they deceive for inhumane reasons.,35,1,,6,,,corporate_bullshitter
12/8/22 13:07,12/8/22 13:10,0,73.28.56.219,100,133,1,12/8/22 13:10,R_xgOBNMUjJrqZj8J,,,,,26.6292,-81.968,anonymous,EN,1,5,2,8,11,7,9,11,7,7,8,5,5,8,7,4,6,5,6,5,1,5,5,5,4,8,5,16|1|13|23|22|19|15|9|10|5|8|14|21|3|12|24|17|2|4|11|18|6|20|7|25|26,,,,,,,,,,,,,,,,,,,,,,,,,,,,,,,,,,,,,,,,,,,,,,,,,,,,,,,,,,,,,,,,,,,,,,,,,,,,,,,,,noone likes a bullshiter or a liar,65,2,,6,,,corporate_bullshitter
12/8/22 13:10,12/8/22 13:12,0,174.232.146.10,100,133,1,12/8/22 13:12,R_O3wln2B0Jh7rQRz,,,,,37.751,-97.822,anonymous,EN,1,,,,,,,,,,,,,,,,,,,,,,,,,,,,,,,,,,,,,,,,,,,,,,,,,,,,,,,1,1,11,11,11,10,11,1,1,11,11,1,1,11,11,11,11,11,1,11,1,11,11,11,1,1,,,,,,,,,,,,,,,,,,,,,,,,,,,,I just based it on the likelihood.,24,1,,6,,,corporate_bullshittee
12/8/22 13:10,12/8/22 13:15,0,206.174.224.199,100,284,1,12/8/22 13:15,R_3JxDq2JIOhkhZrW,,,,,32.886,-96.4095,anonymous,EN,1,,,,,,,,,,,,,,,,,,,,,,,,,,,,,,,,,,,,,,,,,,,,,,,,,,,,,,,,,,,,,,,,,,,,,,,,,,,,,,,,,2,1,10,10,8,8,10,2,4,9,10,2,6,9,5,8,3,1,4,2,5,10,9,5,2,1,6|22|7|13|16|2|18|17|24|21|10|14|11|25|9|1|26|23|8|20|4|12|19|3|5|15,Usually some who is a bullshitter knows exactly what they're doing.  They also know how it could hurt people but still spew their bullshit.,38,2,,6,,,social_bullshittee
12/8/22 13:14,12/8/22 13:18,0,172.58.224.80,100,208,1,12/8/22 13:18,R_PU2XuAwwF28cdd7,,,,,43.1806,-77.5948,anonymous,EN,1,,,,,,,,,,,,,,,,,,,,,,,,,,,,3,1,2,7,7,5,9,6,7,6,4,7,6,6,4,11,10,5,5,6,8,7,7,4,8,3,3|9|17|16|18|25|4|21|26|5|13|15|20|6|14|23|22|10|12|11|2|19|8|1|7|24,,,,,,,,,,,,,,,,,,,,,,,,,,,,,,,,,,,,,,,,,,,,,,,,,,,,,,I arrived at my answers by thinking about the bullshitter and how they would be perceived. ,28,2,,6,,,social_bullshitter
12/8/22 13:18,12/8/22 13:24,0,172.58.154.48,100,379,1,12/8/22 13:24,R_1QRjVJujPYoxwjL,,,,,35.2296,-80.843,anonymous,EN,1,,,,,,,,,,,,,,,,,,,,,,,,,,,,,,,,,,,,,,,,,,,,,,,,,,,,,,,3,4,6,6,6,1,4,7,7,4,5,5,9,6,5,8,6,4,4,3,3,4,4,3,9,6,,,,,,,,,,,,,,,,,,,,,,,,,,,,Someone who is willing to embrace overly complicated statements without knowing their meaning is the kind of person who goes along to get along.,35,2,,2,,,corporate_bullshittee
12/8/22 13:37,12/8/22 13:38,0,98.36.187.124,100,88,1,12/8/22 13:38,R_2YhxC6ycVxwZA2x,,,,,38.4272,-121.442,anonymous,EN,1,2,1,7,11,11,10,11,11,11,11,8,1,1,10,6,10,5,6,7,2,3,11,11,1,1,1,12|10|3|17|25|4|8|15|24|7|21|20|13|5|19|11|6|2|23|16|9|18|1|26|22|14,,,,,,,,,,,,,,,,,,,,,,,,,,,,,,,,,,,,,,,,,,,,,,,,,,,,,,,,,,,,,,,,,,,,,,,,,,,,,,,,,I would expect this person to know how to put on a good front and convince others because they are so successful.,27,2,,6,,,corporate_bullshitter